Temperature,Pressure,Vibration,Power,Hours_Since_Last_Maintenance,Failures
-0.39503004472874265,-0.11074963789177941,-1.60875637525453,-1.379665529934437,0.8301304556863145,0
-0.07845390527733768,-1.2732594401451103,0.4844460569050887,0.9928689992867303,-0.021778782701073564,0
-0.14100023615272667,0.18341738789728068,0.5420215850315555,-0.38471387249263106,0.2656528011731594,0
-1.2347340245196636,1.1581453624781048,1.0358878040878865,0.705124177021189,2.0857205505366587,0
0.5577929209966588,0.8044411215670486,-0.4107494058301879,-1.992317996498318,-1.764460721126879,0
-0.30852685679173925,-0.2494077304537279,0.4388213211251141,0.157969353827211,1.772664980595104,0
-0.1389918133168501,0.7911298043759701,0.488735246062847,-0.38081836694328164,-1.1111724381728203,0
0.6247592321993125,0.06941805800317807,0.11480206931884984,-0.3350232500987375,-0.8122552481912712,0
-0.5524610956595292,0.4778902052888487,-0.2650139647245727,0.816122170076856,0.3290215192891571,0
-2.5056560624665694,1.0903336680235856,0.8469681560738125,1.0822991359872045,-0.1386567606805958,0
2.4500567250853713,-1.0795260610765927,0.9738795992779596,0.3844271697110594,0.8941415636287448,0
1.9034618309448852,0.019926379576612526,-0.45933155170406237,0.7126843677128298,0.21760397552376748,0
1.2417753817893435,0.4484999893690784,1.2334956044649648,-0.0882686278725373,-0.678434294784301,0
-0.9734422563380052,0.1138897516885167,1.3146988798061394,1.5591008189152002,-0.4081622469765453,0
1.5694552822135255,-0.576273719913453,-0.19826153301873065,0.310961451877922,1.464685386749987,0
0.8111411292111689,-0.15728079590233943,0.39579277764654447,-1.1036012707248957,1.5215675341672663,0
-2.2292481119436833,-1.1521428620523368,0.5218303712395074,-0.40655711705335573,0.23098320672151496,0
0.8240663835221043,-0.5047663079666761,0.808369449978628,-0.6207333071567518,-0.3275909240905519,1
1.3159019731550594,1.0455175372420555,0.5305058733874273,0.0335154293564241,-1.2515716377041415,0
1.2233160455625574,0.25899910820050964,-1.809517659847932,-0.17140607460308163,0.47358971602690947,0
0.9039284416043716,-2.0557225470889957,0.8153425964379203,1.300664037641959,-0.21557535582289894,0
-1.517653731711165,1.2249409602131347,0.20567918493200382,-0.09593259513936439,1.3535029514630699,0
0.9176290333690864,-1.7594894753089183,-1.0737274398716419,-0.834994344373787,-0.5390092893714248,0
-2.7207250199840547,0.1967458765100864,2.2837712711512514,-0.24016272880274844,0.9082882421698218,0
-0.6218958132780681,0.9798709362338259,-0.0696262958772523,1.0800820040333725,0.6963156866497718,0
-1.0423380448480921,1.717202940198105,-1.2121894892370324,-0.5689787748496768,0.33203222130557764,0
0.9502540871562374,-1.1376586401163178,-0.5053363269110757,0.9239696529866367,0.05437122517812085,0
0.5730451648608986,1.2090562557047826,0.5183019920350201,0.13354499837735745,2.364819484069184,0
0.2548771944332135,1.5335258561694975,-0.12730839675288652,-1.41130791589837,-1.0314460849735403,0
-0.9143883226023516,-0.6277060879077857,-0.24687012587095952,-0.7449937612080126,-0.4309388869635214,0
1.1842959091854444,1.5564877137504871,-0.5750483756138592,1.4112417278236882,-0.7671434389517966,1
-0.435736707746341,0.12560111755710998,0.5003437431704486,-1.0495072462719044,-1.325389169540805,0
0.5823621650098953,-0.7264981488775893,-0.12288220393098352,0.34868535041044646,-0.3688444161672215,0
-1.2266980991489815,0.09416620896721482,1.1880572433350227,-1.3452635708410767,-1.9335882779654452,0
0.7022101015143687,0.6058053163931177,-0.6380265348435089,-0.6395910012161647,0.12693309197338298,0
-0.5266456513280386,-1.3488373052638554,0.6012766800859373,0.33102474677758625,0.17785418565450256,0
1.363098152574265,0.6798999397981804,1.3607930924256812,-0.4223784746378362,-0.07734505488193663,0
0.5955613516130808,-0.24600798830758755,0.16191209378807658,1.242906249297806,-0.4389827564309867,0
0.8506763193982296,-0.1410986404159282,0.982486598958818,-1.4071031496406352,0.47141078942802095,0
-0.7860616278337155,1.5664764428544833,0.28021925476793613,1.180934106073687,-0.4214729251214598,0
-0.6357649389761288,-0.7303501000416681,-1.438519206719054,1.6017189717929068,-0.6979630469419945,0
0.5181885280046508,0.7938333439106967,-1.550141415516284,-2.7548088878376054,-0.051294855838516756,0
0.29339638573108784,-0.13703818949725738,0.4813630128838326,1.5777587529454105,-0.662302601589372,0
-1.1124738897950075,0.41090881730685896,0.7083169469995838,-0.7347392628923347,1.2576976585994137,0
-1.385968102418916,0.48028284945651767,1.2496056788743446,0.15430833628045004,0.6988511981137306,0
-0.7982666589101123,1.8484495624801522,0.626433042178996,-0.7166498543027637,1.1822057035376365,0
-0.46165885817197777,0.9929292626109518,-0.5086787674452683,1.5206274176884471,0.9006596875233819,0
-0.30070917777698797,1.603492746362217,-0.3311939699486739,1.8674493354325483,0.1440899616261993,0
-0.23182832457078253,0.27401597443766945,0.49353831448322644,1.3373531609929998,1.2612325569475575,0
-1.3002227510438096,1.2549735255429473,1.3827796563257546,-0.8216836848465968,-0.02602892241523499,0
-0.251893438075085,-1.7487493675344916,-0.3084307819974077,-0.7352696835473046,0.7617595958857162,0
1.4717800710984037,0.35744830330671457,2.7262139230517737,-1.8849373375970602,0.6349079194770266,0
0.6000433123054352,-1.1805893862045813,1.0322389840171458,-0.35436930388797466,-0.33416437153294504,0
0.2944286874822134,-1.7332716010088514,1.2273966080451144,-0.5563305961519023,-0.48082454655158363,1
-0.6305869445536898,1.928843535190534,1.4628745700646228,0.7807305072486129,-0.9666383805974872,1
-0.6648008025836025,-2.1506906014244804,-1.326032115970546,-0.3440900940154985,-0.15721657410922876,0
0.6990154646995539,-0.6085758812623205,-0.2160650213863069,-0.22472905129201687,-0.7849772455620757,0
-0.7630051621781389,-0.8447372535118812,-1.335984356925341,-0.7780372790021914,0.10236713489330979,0
0.2990609804494364,-0.08511331703439494,-0.32682451573090576,-0.1375801673147267,0.04442284452273196,0
-0.3324167437628499,-0.5513044487442965,-0.012585829849842085,0.2748198110169514,0.5266968521488685,0
0.47128531769346454,0.17672571642349547,-2.3144433387095247,-1.1505082073885708,0.37335256091264785,0
0.7400785309908936,-0.24608538646420705,-0.2696096042262371,-0.7209699976346342,0.40370685878130924,0
0.30481820216790523,0.3754896184262804,-0.6636717807115978,-0.379194371057828,-0.06730017209955216,0
0.6251946571288046,0.7643596014664898,-0.7073025532612388,0.22687567944448908,-0.3614121228837675,0
1.0658160718900147,-0.7241896045829535,0.3678735243679733,-0.05625830561486223,0.45359343364466254,0
0.8805294519704082,1.850300465093561,-1.8887853853569239,-0.9878007523484442,-0.7837928563156384,0
2.172167916536838,1.8390498192014066,1.7776208801381002,1.652757104434628,0.858380637351298,0
-3.4600040868516673,1.6211466420764697,2.4820614938453605,-0.15470206715506782,-0.6997383074298598,0
0.6859884760231084,0.2188225848273385,0.7885157153586299,0.9977185568721039,-0.9490091910668078,0
-0.8514471047913076,0.8099111514088765,0.20815306555645557,0.782998025801946,-0.37148000414380605,0
1.0408260898844797,0.449433254491596,-0.4694886128767745,0.4367013805522449,0.47697381298460484,0
0.9812012547636656,-0.6899478816022212,0.34790985803112906,0.011960129642553698,-0.1977210608528513,0
0.10667772685636168,-0.05855932729941334,-0.7562679705682834,-0.11556961527677388,0.06512483174344737,0
0.40141577342911094,0.6889562940060664,0.42353652394123886,1.1372362285933355,0.4299581479894547,0
0.9675070566564279,0.6627706021495113,-0.5558542738112998,-0.5669652636409674,1.2610994255893413,0
0.6712262565967938,-0.2725522899621398,-0.007085501074367028,-0.3796399853293528,-0.546751618744162,0
0.5030387866905404,-0.47619166424920945,1.8157755102539948,-1.041313662950741,-1.4468009237748536,0
0.4661417775568769,0.8406017793999175,-0.37367136583599764,0.766081366992984,0.08135585618082344,0
0.3785979890625341,-1.1129022129733128,-0.7474009142080142,0.08446451235805517,-0.13066716762327732,1
1.2441964717166898,-0.7284640345181794,-0.6651924125092624,-0.6735532566443441,1.002916313737054,0
0.5383597425076125,-0.18543395653407005,-0.7411219100851316,-0.5195421012159995,-0.013669770130285017,0
-1.5816752815504127,0.25539679181935365,0.3173857194843099,-0.6956773123548099,1.3898794611589358,0
0.5695347333316088,-0.03849359020887029,0.5378342192982511,-1.0607322822394427,-0.5802782600497336,0
0.8341638008323157,-0.9463150796517746,-1.2331080416864102,1.572190863753985,-0.8388630339745555,0
0.27065901316339586,0.16176981971875803,-0.7005380393199148,-0.5767687271981096,0.8052213843373126,0
0.7688920302938639,-1.0657676535839318,0.7156391160220253,0.9003513758133834,1.2630397172296586,0
-0.3581601296739007,-0.6243402440036212,0.6937804519610847,-0.22562981528814471,0.3076192880080154,0
0.6508753239376339,0.30727133668845025,-1.6361481494453656,-0.264047982521025,0.22760437885782464,0
-0.5263988788634084,0.6970881707778864,1.8689484288743765,0.010807105430180194,1.6196953796232862,1
0.8550117735698389,-1.3840184335008159,-0.5812033222728797,0.7427155425590348,-2.5486563502869055,0
-1.3214115639407338,1.6506645662804345,-1.2857377459110761,-0.5532583079165226,-1.2660197974463474,0
-0.8293397542785078,-0.5768952186439065,-0.9746632428689673,-0.7618002127432185,0.3158469172934419,0
1.7983405592297126,-1.6176420473854758,0.4283138159143915,-0.2446151065283579,1.0056027112549102,0
0.7252655116369007,2.758676175275455,-1.2781619518442768,-0.3804754235953407,1.5604652479862575,0
2.3736444354966566,-1.9465643025731472,-0.7643900797796467,1.001106900352138,-1.3166918535689984,0
-0.9255350240101324,0.4427092383204412,-0.31010758461251997,-1.1699364770663936,1.0930644128503995,0
-0.19210677243931212,-0.06195236669237596,0.5773116750735183,-2.0505117524707064,-0.9994947477852648,0
-1.7904525243868068,0.08686478556720229,-0.8741394032435981,0.46735869726261103,0.1378126594862133,0
0.9279564654589549,-0.8157494320904985,-2.245710473471397,0.273868589083806,0.41855549537521375,0
0.6457518195262094,0.14383244577713564,0.6199947661265892,0.33299639671594194,0.5939534634961631,0
0.22953046057428492,0.5883856170597399,0.42231740585632155,-1.1746685147303486,-1.6255275551248132,0
-1.2108137711044935,-0.4254210844645184,0.8349368467979076,1.163616683405444,-0.010291156030713879,0
-0.6160119894936359,1.178073430805622,0.13274091477696787,-1.434187374851267,1.0682350677879402,0
0.19350933274601106,-0.19519947435780985,1.0079401981793574,-1.0547475122883003,-0.37854356853999205,0
-0.5153943031836198,0.720009866032182,1.4515737279223553,0.755669793011741,-0.3201951338602041,0
0.28379177244592774,0.48078412704922063,-0.5915207583451154,-1.732953976925885,0.39790597894724355,0
-0.9872341577948497,0.9524983073110332,-0.96606318932793,-0.29080189466874484,-0.7893711944178753,1
1.124959589342427,-1.036779045490496,0.7388143800295398,-0.10416200297590575,0.9749588084945978,0
0.5744880667230452,0.04126692774309868,0.03182687041034213,0.5911806759312603,-0.5900358163927302,1
1.079675864869567,0.7862473533747275,0.3426523942212961,-0.7841685610761477,-1.8546611951306209,0
-0.28497285636022035,-0.3476025600975999,1.3103977930883024,-0.19170100159593667,1.5751477073990785,0
-1.012674727135463,-0.8347811964926728,-0.1620344585320348,0.20875805041797404,0.8231926115485608,0
0.27207629568923597,0.16602926781748295,-2.79021495103086,-0.37499338136444,-1.202114002075994,0
0.1572071427365103,1.208158553030461,0.9311129834168317,-0.2706006457316345,-1.473046781893834,0
-0.09640134172381196,-0.3387186450393181,-1.7959471620318521,-1.2284143007748831,-0.1423236741902053,0
-0.18830673749449514,-1.1547332834671848,0.9380278301735985,0.5143562382614658,-0.5501725781859322,0
0.9891674311400787,-1.1944841994745568,0.9677722253729946,-0.24061673977690407,0.4448217236958695,1
-0.47748373022552515,0.2334045420296578,-0.730980015156047,-0.6194980359814347,0.15009424655860829,0
0.5420551953720847,-1.327353213464726,0.05686003162183316,1.2866501017416763,0.07103901531436471,0
1.6632177928229526,0.4001750347476062,1.2139283713148625,-1.5764669678381384,0.16614520629210006,0
1.0522166363779843,0.011249069917607645,1.0413200375449194,0.1912150102624727,-0.25619130699626524,0
-0.5695299283627192,0.3902481132473973,-1.4994397668074917,2.2282933710788715,-0.11967786872246342,0
1.1462919869643942,-0.4170420637918095,1.1515453650127356,1.4471820955315573,-0.8149843982354321,0
0.21551238184880434,0.14688745035798198,-1.0812423587217672,0.1101457949628238,0.1154481281850526,0
-1.1954997918595722,-1.6519117330607558,-0.8965143150015347,-1.1298673948100306,0.5002225817816421,0
-0.160772948467312,0.05574216675733369,-1.14208192613439,2.399756941384171,-0.6243724976265176,0
2.326027856002419,-0.8684702546466726,-0.38564529903006595,-0.5017715185597027,-0.11497825427755844,0
-0.007269403309868768,-0.66297586191195,2.139937070746946,0.5005695803193376,-2.7724427597894725,0
0.41898037642023134,1.5976056688694962,-0.8177043171395932,0.13727485223785138,-0.30625521298465824,0
0.06497889246979599,0.5400448169340255,-0.7361680670577859,-1.176798165316787,-0.3524342991178275,0
-0.05698586058468383,-1.225918010344661,0.9076402864511112,-1.193107627926983,-2.400155875206087,0
0.1529797424467227,0.03227046244600723,-0.0996356074587372,-0.10581633025032745,1.1890201019741957,0
1.8362590273309256,0.005482868128938546,-0.239149196832933,2.5215111484036083,0.7960525834715273,0
0.46697926756731994,1.5828267057442482,0.9488929793874641,-0.6510073586843914,-0.9784674019389389,0
-0.16865997038556826,-1.6843568433276748,-0.7161011948151597,-0.6126990293094869,0.5347206367589262,0
0.8851906251017759,0.4051225338582794,-0.30575033044038435,0.3963212836661004,-0.29910938526988257,0
0.4896945008686219,1.4267367598108356,1.6645922315389348,-0.5959085171660917,-0.8445807708327366,1
-0.8828002262047078,0.9209665581265488,-1.878611215123544,-1.2505520485879684,1.0233480271658546,0
-0.9752338300854203,0.5698756664403355,-1.1833172006465755,0.4186262940833575,-0.584341799715902,0
0.6363056998864505,0.03337350040033533,0.2550962226080151,0.2723863647601395,0.08300400149809004,0
-0.2977523246122963,-0.2176002308044447,0.504138256393283,1.509870001446552,-0.3494185855671369,0
0.43602745782295327,-0.07742338064112193,0.7498537151273332,-0.5692637442838238,1.2423384132487205,0
0.018798488334072272,0.549987798210593,-0.509421840520041,-1.3659927496034459,-0.8777384054333008,0
-0.49441589118461793,0.631688960519016,1.1312391765384346,-1.439999798097322,-0.5288638453338833,0
0.5201261339470546,1.142762187207656,-0.8683396219409478,1.1929140790740025,0.7856724013600128,0
1.2261423960217506,1.608232716964419,-1.0222073010847041,-1.0324629495670394,0.1524704488782404,0
-1.613583450266635,-0.6048368960233665,-0.4137249877685534,1.370745371133139,-0.4260325083341419,0
0.10807278221463094,-0.7925679262749731,-0.8672336659576593,-0.06701425557828501,-0.983651129471276,0
-1.560924058260026,0.9156230553331038,-0.3282518597010114,0.4731509966632208,1.3965815355918738,0
-1.9282699598170554,-0.9541089402873837,1.9888192804804157,0.32731781302577423,-0.35342382297331476,0
-1.0881442442531104,-0.2432636335562934,-0.5454133394567543,0.3068378511530145,-0.7435919169065658,1
0.19780558050731115,0.29220975264550847,-1.0764926830501471,-0.7385583912700339,1.1127018521819323,0
0.816977901634145,-0.10350238938024003,0.3075388846027958,-0.08265283292250329,0.5761392686454679,0
0.10742436796130768,0.14764044112682181,0.11519310249007683,0.8229303942345134,-0.8038949966538393,0
0.6362811308551508,0.05571276522383191,-0.003231242257151134,0.058770316801323684,-0.47708077527168175,0
2.659617260493397,0.1209596137847078,-1.0693450673120832,-0.7088046882937241,1.234212998082734,1
0.4643925757652546,-0.08084674948248269,0.5409968599280899,-0.5269904647806976,-0.058149521716899494,1
-0.16812765615470046,-1.044845299227868,-1.152739288463182,0.7483705673026877,0.4589745876761869,0
0.9372126549461025,-0.37630631302332,-1.3033414981844578,-1.26996538949033,1.0411844168069986,0
-0.07205763691607665,1.3432066259105107,0.9407656437669959,0.32375306387999664,1.7788285789475005,1
0.42629482022468745,1.2609317168448568,1.0568967856298208,-0.15817282410670966,-1.0839615913129463,0
-2.0754295271411363,-0.41555371797246937,2.4198848368050845,-0.3028168891634794,-1.8504830815582962,0
0.6079158491231638,-0.006764369055672606,-0.1848313464962174,-0.74501962215305,1.977330153566698,0
-1.208206201621142,-0.6443836136517406,-0.30267244151798295,0.3066091740034072,0.4273666691556038,0
0.8219139196325178,0.32524642293710576,-0.3675863169163127,0.5474331963644168,-0.28111793269265706,0
-0.36351353781896867,-0.8232958619341194,0.08789710090471396,2.580352576351971,-1.0440504137786164,0
0.09931359910932246,0.45071666548373024,-0.3341487859939453,-2.1513531059738624,0.3276479746430957,0
-1.307408290015901,1.3396812416643613,0.32148890818225007,0.7893033860916128,-0.46511916388221564,0
0.25793613754848776,0.07525390490810915,1.2244461955204327,1.5152016366657148,-0.42369105121859646,0
0.5172387323099761,-0.6281869564906194,-1.3214483786180644,1.8636499319260944,-0.2100295711930485,0
0.5343677350982453,0.23033305917949798,1.1881094199824185,1.0480968247056643,-2.566424126667132,1
0.08173881742860202,0.8615247735977329,1.7323131124900755,0.06410906095175573,1.4708891806966624,0
-1.322302848608505,-0.9543146758458371,1.1789868801404095,-0.39083050857947993,0.03338913440223778,1
0.17623291921068607,0.031206000972302285,0.6477915679850307,0.2028946232575039,0.24222918857867634,1
0.2361530724979407,0.20763321795494893,1.0844293063382833,0.3320585650999677,0.1904613126462033,0
1.1212911284074134,-0.16526689213066745,-0.3124476675839754,0.5857941484558942,0.4298226619485626,0
-0.7221568161931218,0.9834074256827111,0.16215363362911758,-0.2618132518035606,-0.28421115561374205,0
0.1317409986394363,-0.1971690674829332,-0.21613380892345366,-0.7657239532983178,1.1989885117224441,1
0.6978366803466131,0.68515296368788,1.4109719699243826,-2.2192914293956156,1.1261919692264135,0
-0.33464182492980665,1.0272582205427692,-0.689216058720752,-0.18076145480560038,0.2965408530998278,1
-1.6102267661039082,0.27991288813438076,-1.7412374197220568,0.023751966810637702,0.804315064616784,0
0.7985662340048187,-0.54641791773462,-1.1633696541833087,0.1324929905861831,-0.3479774103267182,0
-0.68564051416187,-0.4378489906603392,1.231010527146332,0.8106145487966134,0.6467364322797375,0
-0.6042705882732745,-1.6904247616971664,-1.0404668182530938,0.14020875848245373,0.06244470136784332,0
1.332843981246464,1.410024557341556,-1.3848134822069884,-1.679235892260328,-1.980649024285788,0
-0.9068016646708003,0.5260254748002772,-1.5279220569609997,0.9647424400684939,0.6294867362910673,0
0.5425808180205368,-1.62539958586907,0.42433900543691666,0.5912850514871637,1.8875423810107894,0
-0.18458868016643232,-0.3374207316499705,-0.8096263462162387,-1.5308596399252052,0.6370830501426284,0
0.29586696682112473,-0.6734408399545905,-1.4807323534704262,-0.5222806138045066,0.08132733711357976,0
1.600334478188374,0.13552906112307475,0.6101585146849691,0.281581794987067,-0.7201202901149658,0
-1.2215761009769737,0.6256154913216674,0.6435372261096414,1.4077809005608726,-0.6990677739077691,0
0.2254421547184551,-1.9243955013875493,-2.4435243227611116,2.4509071525491737,-0.07357561489918454,0
-0.9503465615159248,0.18914361378306743,1.5049182011778484,-1.6706618016944346,-0.7424022835725974,0
-1.0724424378188118,0.4072675205060128,0.7584476579417023,1.0021088419030224,-0.8301348526080143,0
0.864520685371723,-1.3881896399197438,1.3370464966441264,0.0697262548517411,-0.39418134584495595,0
2.799714151002822,-1.0931633854963594,-0.5132686222166061,0.8490954311350847,1.6598900377623267,1
0.41820079559080664,0.4372343017819705,0.09633369006930159,1.9453184993057981,-0.61715594846006,0
0.6662322137151655,-0.004978795903787853,0.8769639397692874,0.8499277842425064,2.172972221560271,0
0.7189279637669069,-3.4682750469815935,-1.2040325564213066,0.5402856611243395,-0.15515986923777306,1
-2.074393437863674,0.561599606080843,0.5968970478436271,-1.982000800867006,-1.1610565598670828,0
-0.3430420749828465,-2.765944426812102,-0.31395561142647266,1.1415554168225324,1.2510531903372726,0
0.6251421607719544,-0.3136943624920112,-1.069977323159515,1.2523638226697718,0.706364942961985,0
0.581938819724709,0.8125437634233572,1.1664686491971858,-0.12442275508247677,-0.16862178373360007,0
-0.5107870223713237,0.3625383166769305,-0.7560921878592612,-0.3397000460363902,0.16925374339126578,0
1.0903533967755803,0.809320381635014,-0.21150874534406164,-1.1034388335564513,0.8421242461956796,0
-0.1160638537669505,-0.6958652553751573,0.9422613481565263,-1.766271669127901,0.49783696031515784,0
-0.5648047489203898,-0.8445614800372409,1.1640037193364767,0.9934436340814752,0.9439725459031406,0
-1.0516462528358457,-0.68746043192011,0.3732394250993781,1.1825092088878164,-0.15685342378510853,0
-0.28837814554434327,-0.17083380955813218,-0.9746187180122204,-0.9260056464859356,-1.3773171763264316,1
-0.7132084527570378,0.6378584027013994,-0.6834760493096302,0.369730258815685,-0.18283913904087004,0
1.8286720049902119,-0.9790550062912375,-0.845080709112136,0.10874784716364184,-0.1308519643629843,1
-1.2335157505108096,-0.30385218251904383,-0.2654502200122358,0.9990742184225259,0.3442498226212201,0
0.7975719193566895,-1.0043816412942124,-0.6402883374521021,-0.6253135734050607,0.7701820983165149,0
0.11334665016390448,0.9335997369520604,-0.7142450735106305,-1.082852539710392,0.5343803160224786,0
0.1884646610013728,0.9554310852297055,2.3452807507802866,0.7559629074389014,-0.30421228991771554,0
-0.2656212545267078,0.018966096181387813,0.9317909398951614,0.8434002528542375,-0.5420108846312467,0
-0.015560436121031562,2.227000466377579,0.6068502872235308,-0.17163878451414255,-0.8358028554924332,0
-2.8679269057724066,-0.6916930621797411,0.6001127063620919,0.16116010527061223,-0.03069402988250818,0
0.4110574729058388,0.9038606977686517,0.4048049831407852,1.1766831925095933,-0.9348991531707465,0
-1.127967448952066,1.805790333740972,-1.1829727928493678,0.3517962803666921,-0.23330949825747993,0
1.412747270255585,0.018270432811410924,-1.0483088272095582,-1.019615741324191,2.001753020102143,0
-0.2825702822028878,-1.2521560417058433,-1.3895796722812934,-1.6663162923587944,2.463470761610466,0
1.0130783827451948,-0.5095985232094506,-0.7279148941488076,0.08049087293870769,-0.6442397180538857,0
-2.2145902252459173,-0.04060857461497917,1.667831020001396,0.7594754215498468,0.4671411754026269,0
-0.5072968863229289,-1.0898941271120801,0.28805231596848874,0.8608378319313117,0.40282087243750314,0
0.6014466371497008,0.8763683003164513,-0.783451426785702,-0.442972330082359,0.1905001765451503,0
0.9649804881633202,-1.0078489005266364,0.9554057993917481,-1.5862071281050034,0.1763442955038912,0
0.7777602412842772,-0.13657578577689491,0.24772015894669902,0.03978311034520934,-0.798001701383361,0
0.3584352634979603,0.6998649338524833,0.6384752285979872,0.14487495056844202,0.7851079312077367,0
-0.3337994069296397,0.3751114750072592,-0.6585655831012883,-0.026471228627701758,0.09054864694084669,0
1.1613460449099826,-1.094815298994613,-0.1779346230279273,-0.4820453838316353,0.45667261288609834,0
-0.6865628250441131,2.7205974712530714,-0.1693082339798177,0.6576835613495434,-0.9999503999924761,0
-0.3550091974234088,0.409337179437623,-0.39668929406976133,-0.5509504230566162,-0.5923145902167669,0
0.09224846450747373,0.2822644061173061,-0.8906907777332863,0.40344173784464543,2.2331118549005815,0
-1.5386417675309443,-1.7962511799233905,1.4006777858197708,-0.9384828668018337,1.2420897461023122,0
2.3905843002794276,1.8985789393017496,0.1596589802792146,-2.2384141869664447,1.3911146035883528,0
1.4056031591502336,1.8297484884349213,1.2401963572772434,0.4664683542440023,0.9327695585114845,0
0.5611766806440698,1.8773455301252342,-0.09426818130047769,-0.2586659192047046,0.08481815978169965,0
-0.4265000926264739,-0.5060560701174008,0.9335942715650426,0.3307078520459303,0.8400274200961406,0
0.6618674328760886,-1.1157092564488444,-0.5622300612568399,-1.113676015593179,-0.7848939222630458,0
-1.3938264141986674,0.15201017071844386,-1.0838065125224097,1.654221795506388,0.03857662042385574,0
0.3920891282705606,0.5509422548151532,0.135824179213188,-0.17497607299573528,-0.2833558113175989,1
-1.8796006831978638,-1.6003401351185378,-1.723446267935869,0.19068115815859815,-1.9271685181800908,0
-1.624363501956653,-0.6288159287870726,0.7202001204982212,1.3199280197505763,0.4640841563497418,0
0.8905799584105747,0.09104393168235972,-0.32203450916680204,2.211704917698419,-1.2142026542638782,0
-0.24094907311583666,0.43589240339971436,0.6772107794917074,-0.4211137415931513,0.18258534815916108,0
1.6479582693455532,-0.7216185781498852,0.0506799383231269,-0.6968363255398025,-0.2916646735003965,0
-0.7638357009130312,1.1814391154557224,1.1847156119558906,-0.8776022524790527,0.9662984936564104,0
-0.6643616842950764,0.8793477559538796,-0.36026141471112494,-0.7373296390883958,1.2319996740783654,0
-1.8045525321025353,-0.1314598381697854,0.9889658822931965,-0.07210945409572175,-1.7040628657668577,0
-1.3728147462535363,0.042357027894882326,-0.11092321018571163,0.039650305954429366,0.04366222684910271,0
-0.012815041387532838,-0.12910769398231137,-0.3946693356933684,1.106616916500602,-0.2504494075660575,0
0.7325513182127414,-0.6929607825103538,-0.950315018142057,-0.23123464258646798,-0.37977305373915166,0
-1.300020064732038,-0.4936573433448332,-0.09095316029223018,1.1501443282130934,0.7240174316872799,0
-0.13987872029890877,0.9197049611605593,0.3229114681687359,1.90947488248796,0.6217375853232079,1
-0.7529288000986357,-2.150027499549051,1.2354652170215328,0.12681916702081886,0.6817394545062798,0
0.2250328500974592,0.10332752219279387,-0.8445616713559552,1.221565283687631,-0.673371569995843,0
-0.0018199900332270824,-1.82209429398661,-1.5058212676799518,-0.5020583873824712,1.0246350225225884,0
-0.9318451306722909,0.5171759278039281,-1.477616958555727,1.511291554568311,-1.6330363280220361,0
0.7708188138878258,0.2664671612768575,0.5031380078596525,-0.6701402696518082,-0.8557557685532401,0
-0.5759541588212946,-0.8202976333593771,-0.2702066854041707,0.5163814149474014,-0.2121473890650759,0
0.8465943008387233,-0.032996537736554477,1.5637294685472178,0.4098911793233332,1.0709294371804907,0
0.06644743376030424,1.00250979673485,-0.7648834583580506,0.5527634800006982,-1.6828682085950455,0
-0.06772659071572003,0.31204895487808226,-0.7851815793917024,0.4591316446071495,1.173784364013372,0
0.950371554127282,-1.3963456356260353,-1.6356790517665853,-0.55594385288122,-0.3817690771152922,0
0.9832713341628606,1.0493674937914084,0.2570300309994942,-0.8237219113014296,-1.1165851661395838,0
1.304074809824197,-0.42588980272284627,-0.7707203505480492,0.3746442062511771,-0.5199174563726844,0
-0.38296794361465664,-2.026644293763622,1.169629775241336,-2.619860722010897,0.34213505558553603,0
1.33435452498628,-0.10800598479217045,-0.34658240595984785,1.8484484761676085,-0.2842826662576136,0
-0.21112442709045237,1.0779445991024297,-1.9802675234793925,0.8770095654420297,1.2327991285142357,0
-1.4701357847625585,-0.3318995220702082,0.12124379828327998,0.48144350140298886,-1.4016018302108297,0
-0.22089289371669069,-1.0921434082961234,-1.141884164544924,0.6443476742138882,-0.15536834311920822,0
0.7633216262316347,-1.590375443975237,1.2675742774987317,0.3029584846695582,0.6238393268851045,0
-0.8247895557516729,-0.5825172887226159,-0.7111489826659394,0.749775502443999,0.5845754256320255,1
-1.9140757860303734,0.17115252303861905,0.43724649569026636,-0.7980655666225692,0.2868102618448764,0
-0.49614172329816514,0.16194493101021104,0.6229795553314937,1.4683613325881275,1.217731932287715,0
-0.4839721249597196,-1.6085812977395553,0.8169577093382352,0.2563090515631827,-1.2060066361669781,0
0.3770301840866797,-0.47023750533315556,1.7928834068934627,1.1780982659133867,-0.7253532618485856,0
0.027384446239437595,-1.352100565954251,-0.516528148946501,0.8073670179876333,0.014021488906515236,0
1.315829208838654,0.5109685737128823,-0.37147357015215104,0.7560721665812166,0.6879401938493591,0
2.9535699251869554,-1.396212132409838,-0.549030953485836,-0.507573696702646,-1.1616769194958838,0
0.9098172692677511,-1.316325971233718,-1.3251916839413034,-0.2893064874639284,0.18248732722473132,0
0.014806554868758617,-0.6669791903250682,0.8580525794754581,-1.0890731898254866,-0.2344028679556057,1
1.0258370487712483,-1.6139503658597492,1.2468860591427808,0.15052011615962116,-0.6487880098207272,0
1.1465467888162104,1.035487576106418,-0.9643570103543162,1.013920879090704,0.5317634059474953,0
1.6364535194353496,0.3762325681775337,1.0743947709948145,-0.62731552684139,0.8869724314740121,0
2.059832603162085,-1.236006390740592,1.1063001893630333,-0.41179935398190176,-0.8407241614328882,0
-1.7391325335758354,-1.8445175704330612,0.8755022932763094,1.3204810092389874,0.1849399524809934,0
-1.825371707992946,-1.1452709990777128,0.047548870443721636,1.810762419783091,0.43882136277807055,0
-0.38487620425261243,0.2385301490354929,0.6566904528673474,-0.8762110785596687,-0.9140467529212781,0
-1.1740329512275858,-1.1676863501130943,0.0619659215211652,0.5701571140385323,-0.1942531323741708,0
-0.5324200758470915,0.39281904952915286,-1.218766525606085,0.4103605880523899,2.0829533918461896,0
-0.6032351908790684,-0.337841420515471,0.6561224286113945,-0.39451451358026624,0.9126945006079672,0
-0.8560270147198146,-0.40412839814791424,1.3177054771242027,-1.1522859891398043,0.9615387515897986,0
-0.34457532215951436,-1.2441648817372886,-0.13480447741045867,0.17256324375923934,0.9257891979667958,0
-0.09665486374161701,-1.1712579780175425,0.3609993743566788,0.37146264961483794,1.0669938005779727,0
1.1390813463772118,-1.5089139204104383,0.5661862394583402,0.08733353234077487,1.0043532701001316,0
0.2844733093141376,0.5576994546590979,-1.2399538629405753,-0.9017626579522658,-0.8504224798899525,1
0.12686096370739824,-0.40964417539399345,-0.8878507395027664,0.8855665329901324,-0.30629367705760574,0
-0.8560406704315516,-0.48496061777654087,0.17010103914752958,-0.9204544111778257,-1.7875600267186214,0
-0.17064998802647535,0.8722690756821488,-0.4133678430725387,-1.329830735890614,2.576736636156778,0
0.6918564204850454,1.466861637684391,-0.864871782161371,2.3029797926378106,0.7681038361630406,0
0.874879551292874,-1.1656170334520068,-0.589539057129515,-0.5702417102319337,-0.13245878472667516,0
1.1750150542968723,-1.520993016205348,-0.10860837766029904,-0.3482448674290405,-1.4273642612774566,0
-0.22059520705602217,-1.1173650784692895,1.1644078139092922,2.193037237991183,-2.027009056271525,0
-0.07619850265541368,-1.7034229118000022,0.10948097973676832,-1.166134093874718,2.0280275143894486,0
-0.8517962074218332,-0.5419473507221905,1.0718728146589174,-1.732414780969654,-0.9457750689434333,0
0.36096832552081776,1.5168598587140454,0.899337484787792,-0.11297019012647407,-0.7537807494474891,0
-1.0198946934943478,-0.16086597422175103,-0.22745832368170446,-0.886735483809915,0.2544341278678997,0
-0.6926459827668353,0.9893671668816424,0.13640306501549102,0.6165723800973897,-0.2673790830194032,0
-0.7797186913214513,-0.2728041065358627,0.0557159669927035,-1.6492246257243104,-1.2169050290721874,1
-1.1088509071399824,-1.0870649328161843,-2.292497602028304,1.6237154431807008,-1.5441776941092809,1
-1.0319954129161724,-0.5204830831236473,-0.7649107995490335,-0.35035048796884316,-1.4002107571124434,0
1.5989087445227586,0.9879160647194217,1.6309720123437428,-0.0041623215522806475,0.5789514974080561,0
-0.49136146905505745,0.006681574152259003,-0.3868689771345003,0.2708333085141016,-1.6573864243006529,1
1.048361621226965,0.43700249470093494,1.2379221761659713,-0.7668786663898459,0.34849805938243106,0
0.7738637461357013,-1.9231405226997296,0.3978846947920204,0.07458448455331129,-0.7447972099412756,0
0.1730160635149301,-0.23152626800589507,0.30606172134290127,0.3704733723481777,1.5952320311787345,0
-0.4043834930715553,-0.9994041403005606,0.5052333096441487,1.6249241322360461,-0.2507715096118471,0
0.045769327897097443,0.979246420160838,0.09450042477013693,-2.65882330454708,1.0074049077133609,0
0.8133879447902861,0.08408249793797505,0.28575920184309234,-1.0803361851584468,-0.6327617080552954,0
0.07719607881496159,0.6679601294154345,-0.3466804554383964,-0.16447618134321618,0.8338672314615556,0
-0.29830405637005886,-1.4994276879570507,-1.1833475251925274,-1.8334658220802285,-3.5206583781986267,0
-0.14749436089660597,-0.8122589970814778,0.048149367163854984,-1.00361907166969,0.22623883535752673,0
0.14580329992001628,-1.811036792012116,-1.2217031086174666,0.6533150568422875,0.8456946472778769,0
1.797545300222513,-0.928194062506807,-0.7278563433113422,0.024481800523402965,0.9366994207451291,0
0.3111413377447584,1.4790172483735446,-0.9781033521961733,0.9526576618211409,1.1654367700683992,0
-0.11214394480434471,-2.0172974817806084,0.5603630826913814,-1.273897488235631,0.6252789325294652,0
-1.0577239548710513,-0.21385715634313457,-0.27315411438347353,1.687602627825412,0.28575069784453366,0
0.8405652806052273,0.5960407096184727,-0.73755342079439,-0.37729882241246837,-0.5667414969895985,0
1.3938335359080938,-0.24936308591368828,-0.007176824748948949,0.21217752776703422,-0.828217160967834,0
0.1876973071017908,0.3811020774652129,1.2710556846397938,0.1350915311215152,-0.46317116962635574,0
-0.012763719714971594,0.5668614666881727,0.07862787755520712,-0.15685496684508698,0.7424731420274555,0
-1.7433971459784434,2.144025655023318,-2.014879946042621,0.47851576384925454,-1.456034152658379,0
-0.34883894344228217,0.27055363913745484,-2.3662177845760075,-0.6182855659255102,0.9469742682740361,0
-0.11283666710464482,-0.18124183979964578,-0.07932740291174535,-0.5864383773738981,0.6894799740793931,0
-2.300834087379499,-0.1676900796788699,0.7065553528451112,-0.630607600005341,-0.09234594790527159,0
0.6059712607760378,-0.9033743782697232,1.463953693073935,-1.8601322269964993,-0.6185616139967548,0
-0.3357325614158238,0.2744532925384844,1.4775998189779243,-0.40995888430167426,-0.5305547163213433,0
-0.20414003438988682,0.29294519745095343,0.638251253221055,-0.34203948736846845,-0.3246999725496168,0
0.3077169508332567,1.8447976996413078,1.3649865622516326,-0.23316060406681663,-1.2235101019714534,0
1.004455052324521,0.06165233247661882,-0.5028415031490747,-0.31423454340143236,0.7736740804770896,0
-1.2693462534848456,0.16708744974710565,-1.1681822105146782,-0.13133940901397942,0.23269396801660366,0
-0.669525028650291,0.8874543467206248,0.5829748984331642,-0.8431159351131078,1.3415398244834738,0
-0.534116415530954,-1.015630448555107,-0.14444752409411515,1.6252501807075599,2.3011235374975296,0
-0.3130988193445026,-0.8507266973853684,0.11545479295004644,-0.6413913220382942,-2.3517052882807428,0
-0.4749794477761287,-0.15499843563896817,-0.5992124591570676,-0.7312942126229086,-1.5805573189973432,0
0.08200700212789669,0.9689150797404072,0.22616698282410674,1.606693613308544,1.4039311774364307,1
-0.0713531309830756,-0.29678102686080327,-0.514820906948016,-0.8766349068279807,0.9248139840151158,0
0.18856155419058027,-0.6882104476320676,-0.11797837573002606,-0.8504860845937855,-1.3076408258135197,0
-0.40897590304185794,1.80654082381835,0.13477749548841858,0.524985404658229,-1.1239006198909074,0
-0.03162792360883448,1.0353436980767765,0.8194976499399571,0.11465617523682907,-0.11037592875573639,0
-1.567478739712241,-1.6023494036531105,0.19591539933199184,0.5551992701986992,-1.942950356196074,0
-1.591653833752405,-0.02661619585258217,-1.356498292393775,2.1273646771767294,-1.5580273592990845,0
0.7797060342503086,-0.8486373421038869,-0.8316637971888458,-0.7884022383165105,-0.8667040794437844,0
-0.4329589672095173,-0.19092665431970623,-0.6348916306901454,1.1235475003125048,0.4943057115033476,0
1.1008675287133154,-0.7248832986207602,0.9027196369007146,0.5901157010404982,1.2902046734908752,1
0.012767590007543426,0.10901239876972788,-1.8193385079482407,-0.6747825278124682,1.393195537883073,0
-0.5460183896086218,-0.5057942726833016,1.0328444141284103,-1.872834906646304,0.2719815549740212,0
-0.5803590770700168,1.1898555075178223,0.46460289986431746,1.1459522969140257,-1.2304778839803243,0
-0.05143583279491194,-2.229019087790423,1.8012334333917879,-0.7460141906433639,0.16340995045264317,0
0.35655720778112127,-0.44443053611529365,-1.7904923318122228,-0.1993832286914271,-0.09552636414001514,1
0.3011791893460924,-0.03531632486816383,-2.1263837358340636,0.31646791332635055,-1.559644032784255,0
1.476459390509419,0.43443560458649305,1.6634804154638902,0.3478941916146576,0.48161725318873994,0
-0.28621706532370617,0.9302449068547677,0.29850283927164695,1.0278218742022824,-0.9826814748402195,0
1.0046416063743733,-0.5459785799521804,0.15118481999230896,-0.3828105600604097,0.9299198816807857,0
0.7426878209080182,0.6136698604631539,1.2064868545956855,0.9731774999783019,-0.7921028438509624,0
-0.44698858155945553,-0.1962447246350097,-0.45224795019817554,0.7863728998246683,1.6137778392024738,0
-0.8068433927715959,-2.1979231814755407,0.4404678754927023,1.405927443714381,0.6261465652123807,0
0.512159111582508,2.1804377859376363,2.163737626228912,0.6324741610208846,-1.3617137319102683,0
-0.11519728221036048,1.4025327250486983,1.1261804298494107,-0.0015242885808556931,-1.3258686378261362,1
-1.0394630505542362,-0.6071464055518133,1.9153669597950784,-0.5158649013188885,0.7082439833560532,0
-0.5089595296308771,-0.22798248574681226,1.088671327035121,-0.15060363560500667,2.142529583704502,0
-0.4401629841817715,1.0649291121498754,0.23968162067473828,0.9915771274280307,1.4818518798291642,0
-0.14988434474916829,0.7891510857954203,-0.725201333819645,-1.405121429872933,0.6536279379841252,0
0.05666186567445817,-0.11647101819056117,-0.6031197083741259,0.523180474790281,-0.36511622823174295,0
0.20184037593260237,1.0703886180687678,1.1295851845236362,-0.5799941251670663,2.793182377019786,0
1.266330965833742,1.198620848499352,0.8634364611842276,1.459441465185234,0.5171110134358797,0
0.4982885916396755,-0.439693329235486,-0.6609093488773853,0.616144974854646,-1.6368927146853751,0
0.32548162700531424,0.2430587325837297,-0.09924539132180214,-0.10961612912976222,1.0954639108531656,0
0.7309451436957386,-0.8665303738124747,-0.5327080183294155,1.1964844588453964,0.011836741699647704,0
-1.2905316883968891,1.3461611283434958,0.5336578456928347,-0.29641255395976956,0.45322148091447684,1
0.6172281014548685,-0.9369343587504884,0.3414336647887803,0.09608769863514724,0.5994356821280729,0
-1.0516624987602616,0.8944785429092013,-0.8715820078097081,-0.5815356267284819,1.1471441399825484,0
0.5860992025363905,0.05889937050170495,1.0640381994899524,0.0920870422982038,2.0424022375635884,0
0.021512011721203705,-0.3387672241748488,-0.19468044231549358,1.291700198787654,0.41614608361574346,0
0.7708402884871993,0.21566021635854948,-0.6768434427548475,2.1555060953685548,0.22856874089612464,0
0.5648906276750854,-0.052508991058518535,-0.7250367427362885,-0.8578579368017372,0.09773672316046432,0
-0.7053392833723532,1.1801064933731724,-2.1956736880936067,0.6518579194666009,1.1033674398093698,0
0.1672704715840932,-0.019956538739880524,0.1082779340314344,1.8107810304965566,0.7677968367599665,0
1.587374166950645,0.7807459213375726,-0.17679274010560767,-0.4679017540235212,2.056360960896273,0
0.5254630217175499,-2.381210859691766,-0.8554142656132986,-0.2125267383426816,0.6911520226091646,0
1.1433418696714495,-0.21292470853994905,0.6118369301798091,1.5100714358405276,-1.1293243934350663,0
-0.7403507065352334,1.4454343284317037,-0.1421404310711933,-2.29007860027706,-0.2581006572904674,0
-0.4886139223807898,-0.9835255125674001,-0.24362593120636436,-0.13641878191859103,-0.11717231202719039,0
-0.21160102516898902,-1.20155384929916,-1.6074158549802875,-0.14037006475907157,2.2430683761907155,0
-0.20796949687309274,1.7861299894225062,0.2712159208977413,0.07534582214538046,1.486626771011416,0
-0.17174683443644795,1.3081025041618823,-0.3625847921267212,1.0155267057040667,0.52951196429347,0
0.2531169764500216,2.0197250804995557,-0.5441977415851952,1.1261050526672078,0.8672486933943161,0
-1.8935198958643629,0.05814221018875905,-0.27082439809880315,0.022168661373135064,-0.8238807779882673,0
-0.6497826599620541,0.8585033428838064,0.35104506157063214,-0.8455488095788386,-1.213370375221394,0
0.8530160206047359,-0.4883425481963615,-1.2865633028386723,-0.6538843931162654,0.4526426317363851,0
1.240320376672787,0.1295646897568616,0.25018963901281965,-0.3939205807100122,0.7167114815974509,0
0.598670429841099,0.11781059480561673,1.0128754443832881,0.2883470325083374,-0.5460588200369926,0
-0.28520020319995076,-0.975180638360201,-1.4200362212155713,1.2623181839684996,-0.40757418927884087,1
0.04855508014200611,1.1394032441047417,0.5463155018632166,0.7025049728345669,1.3706790216535611,0
-0.13166158723439375,-0.28024547979527875,1.0912187099442554,0.06289109012155131,-0.2519086830949815,0
-0.4261921302414997,2.0482236833846392,0.527478665494639,-0.8385646236283238,0.45331689682868836,0
0.294454153380331,-0.19407216836386504,-0.39473392303244964,-0.6033547495438031,0.3517531008975558,0
0.15733422888139706,1.5832591127583384,-0.8952249065623242,-0.17329206307142217,1.238026201058022,0
2.586029743816306,0.05829207678286848,-0.12310934737250519,-0.6083124631951208,-1.1267418765830972,0
-0.1950067346215218,-0.16017752692092752,1.6831865239485226,-0.9157041231827917,0.41478097859441937,0
0.12655824494295126,-1.308629659130158,1.7805119984396682,-1.2668087726556698,0.6977104954037007,0
0.5173487627727946,0.6478025397573381,0.7353593432763369,-0.3334890750549037,0.3028320185579408,0
-0.8094505035400242,-0.4643338012831148,0.5323139327943659,-0.05130403660914044,-0.3513812585256608,1
-0.9654076139195732,-0.05820641260428114,0.21049777061375954,2.64869091932708,-0.5099883128928626,0
-0.0015083229729762223,0.008716764114439212,1.8172257786241233,-0.022242825492251154,-0.5432517886710102,1
0.3757475098218593,-0.742956005970325,-2.3455199839252563,-0.6900896342907815,-1.3116355531893436,0
0.27856019424005096,-0.6783523007984392,-0.9736213159607309,-1.2569859687699234,-2.563375100037004,0
-0.7430430812670399,-1.15662421903067,-1.3697333180085491,-1.4966333591874004,-0.19587466675319223,0
-1.3087862739723801,0.9573437952204497,0.4691199177639887,0.22154565707585447,-1.0776115830952917,0
-0.7997382922419757,0.6859172633963306,0.536151320358539,0.771296663240679,0.1642900837059891,0
0.9298261383527536,0.840396009232788,-0.5356101286158274,0.43875879661035605,0.9500577542253289,0
-0.1463078884873461,0.26813938622534683,-0.32563407860249965,-0.3472740165285801,0.9924300098119111,0
-0.3696677193063167,-0.6034274531644697,-1.1680166960742762,0.3912607237446927,1.3792449379427545,0
0.6409253661030683,0.02846213086623709,-0.08916599110112244,-0.13818934996710264,1.8125089010133963,0
0.2976398731236108,-1.8827332459724484,0.548308040370198,-0.012174743455044117,-0.9129009928403325,0
0.09646836802057632,-2.02319191835372,0.10228804997874022,-0.09202968736591594,-0.22687356598025665,1
0.5970922201735569,0.38683867909947517,1.4330374050487467,-0.5061552637400317,-3.0127324602584444,0
-0.7798248769328876,-0.6887524737124596,0.4576942943719487,0.018600499459509322,0.5589260491712286,0
1.230888198957915,1.4514420216400028,0.27537955497698763,1.559599819404551,-0.653068552855485,0
-1.5720681025894525,-0.38722435317204573,-1.0901675730581597,-2.0851031744818305,0.2610271564307294,0
0.9468601495463179,0.2568389535773218,-0.4170470692574053,0.31180422548785197,-2.0398335942834973,0
0.7646845395298225,0.4979335001424642,1.092751691687461,1.9940567055868776,0.1451156940376052,0
-0.021957447085617067,0.5496585808822675,-0.7295920853888511,-0.16106910503420183,-0.2853004662810318,0
-2.150091628795068,-1.2998125580768054,0.36608261461874664,-1.696253871503622,2.0256520005441487,0
-0.4396540058888682,-0.4091992974931187,-0.8320385443021073,-1.2002925499061365,1.124583189877965,1
0.9060082919225783,0.18068210976905932,-2.491087712604553,-1.0764088752652634,-0.372277933197676,0
1.0973296264613688,0.9305762702621043,-0.011710552916740289,-0.5644919228587388,-0.8120849426443429,0
-0.794913183616371,0.23345559910716476,-0.16312940224539724,1.3995245413892408,-0.4819165858268638,0
-0.8213573412303968,0.8862898499361838,0.8394885149238612,1.5473817507188208,-2.5180137826065145,0
-0.01283427990720247,0.8649267358853924,0.47019017047224604,0.614418324969192,-0.9157926139192387,0
0.2914647287191308,0.28869485949557816,0.4404152946269288,1.7826750818219268,-1.881521056549038,0
-1.4726768954312528,0.6706460010170351,0.04955414571745722,0.9767130704503661,1.0421636282690114,0
0.9015137434402674,0.5568041962888904,1.9928425259409335,0.6127045146066934,0.9040578046460304,0
0.34109449275776305,1.5268203141092833,0.721076479621007,0.3390270358861395,0.23744491244489535,0
0.7411512356650425,-0.7300455120647225,0.5976794260430541,0.44312965360287254,1.1199470365407442,0
-1.515006456783764,0.4043408785027067,-0.21043573744466418,1.0331108559418078,0.37504281208623014,0
-0.5604134468846145,-0.942279817780008,0.9148092351382925,-1.7291375891063765,-0.18622434623259634,0
-0.04450835339862031,0.0655501101530525,-1.242635369058126,-0.8624158357107368,-0.9300702758914667,0
-0.34350984301826165,-0.06639396382044802,1.675693933164037,0.9941930766359374,-0.44068764082027273,0
-1.0250616872580685,1.1440466456021379,-2.1674650310170405,1.7219377665190472,1.0343437159575877,0
-0.011767332908893672,-0.6642305319003352,0.15727864837451153,-0.5148737355668344,0.44604397929482625,0
0.055730882615830375,-0.526589240577283,-0.36339096361061574,-0.28289573837091936,-0.29277722814056606,0
1.0926972916863182,-0.9984724827142825,0.8310072258405428,-1.3898993909768305,-0.8154093574411163,0
-1.782908397764543,0.48244642242955554,-0.5613804036516435,0.8572903179070128,0.21462236662437756,0
-0.2540843860560804,-0.26114560426884653,-0.513698377616044,-0.11606702763324764,-0.395897781649208,1
2.316722422628283,0.8613813885452707,-0.5290010338704657,0.8954912024402024,-0.11300027854670809,0
0.01145162959995972,-0.5246446043202129,-0.4999952359933155,0.8419683161930841,-0.6468731354676241,0
-0.9620552886005403,-1.559694836192907,0.17206908080242128,-0.07911657504038541,2.2048013495778864,0
0.8696841489303208,0.7956439646782332,-1.0748105741980472,0.9874744624168103,0.40542169809253203,0
0.04934249477384963,-0.547667227912756,0.8297203709227273,-1.2608510189751374,-0.4807477850013643,0
-1.0873485896406077,-1.0988607246860267,-1.3853326980932017,-0.055533072220115706,-0.07571901972993936,0
0.05153268526528121,-0.38264475173984197,0.24046417052462246,-0.9199410521315341,0.5477654393203939,0
0.4198219856434213,-0.8089610740054791,0.03754812144941672,1.0525506466483094,0.06279033210123401,0
-1.7340069358717307,0.7535971132295932,-0.43519064846903543,-0.013196693396165226,-0.04713773949996339,0
-1.892517411375403,0.47608457088818407,-1.3873726446378418,-0.31907628280840244,1.4011026441411913,0
1.2644577103582975,-0.42709327041128464,2.1704521350786474,0.7817693003920577,-1.4279122612044852,0
-1.4222741938479377,0.2774125912131513,-1.0412211543734837,0.844393928863302,0.8920537665853909,0
0.06601670072709354,-1.1624838722868212,0.5322264224988642,0.946809669932422,-1.8096931347343232,0
-1.0818239875832765,-0.7849004795615875,0.09363994790543842,1.6343972605536286,1.6126929704732345,1
-0.8196360923338831,-1.4253435725166135,1.5444531722025496,-0.06966604604291363,-0.6483449918617833,0
0.09103994651259367,-0.7108339210583966,-1.465050612242133,0.25392000310695306,-0.5610597386591222,0
1.4623614403052627,-1.0706876472308815,0.5146844144643856,-1.3504032765397869,0.001463936335027685,0
0.9909008404616935,0.09960022286899171,0.20452258235936027,-1.4832129123081847,0.04918338934837441,0
0.8152163326334312,0.4296993088587069,-0.8422093878084974,-0.37345441343276664,-0.2626691691137619,0
-0.5642478112214983,0.5655349389058141,-0.6553168235123079,0.01891492687452017,-0.1312562562874642,0
0.5126708171207913,-0.4533896197025819,-1.183862156254157,-0.5840724286446373,-0.9206123384437488,0
-0.14633528014448893,-0.277368986878728,0.22216526659660377,-0.6085672709631106,-0.37865920406048303,0
-0.21093802087678862,1.2771669536959591,0.5487618758748968,1.0459363855885864,0.5849264593200592,0
-1.2740405467481535,0.4211428701907502,1.7423402321120287,-1.8874947474014006,-0.4015993618461104,0
-0.3925119204876749,0.2961030368577681,-0.6236039860120023,-0.11929576960646754,-0.25864267080163966,0
-1.1535921494400558,-0.34321569607327906,-2.06880487923733,1.956270129607327,-0.5033184501512399,0
1.0726108458160266,2.253772260718085,-1.4772752868326193,0.1505906435579518,-0.8820275298477646,0
1.1834963638235063,0.8338616882012164,-1.8278726455576026,0.022549250632790924,-1.8166144072916632,0
0.2552398814289997,-0.3264900453531666,0.09496357744009336,0.6094102730416981,-1.671807087163459,0
0.9152907316485046,-0.10005657980187332,-1.1694586417026123,-1.1874396263697515,-0.24842914016065878,0
-1.0097750683809577,0.07731485932171206,-1.2543011691604464,-0.04522626214962674,0.17758167168633499,0
0.21650398343085253,-0.6245434574944803,0.19816522628790378,1.50600556338747,-0.7667579628719838,0
-0.06225337108251882,-2.196513519807407,0.6862994075511332,0.006023978908297768,-0.7657652797168627,0
0.3205500557005203,-1.5247408522853734,-1.0585593186834943,0.06204054699947193,0.7129965317699821,1
0.3370751977418855,-1.3112325523055284,0.26273763266089584,-0.5910460529013606,0.3246873978100739,0
2.019950395980988,-0.016589116992950837,-0.5454727376971618,-0.33358689580355255,1.2242586663495882,0
1.241732765330827,0.12652130369365325,-0.5891063637823265,-0.8684993702419291,-0.36315693122308607,0
0.9387335650141092,-1.64651027620512,-1.2161723796835662,1.321365676715931,1.883050821240857,0
2.0977972461638683,0.45641075063728204,0.3344697622638856,-0.5400795572473278,-0.1583431071363721,0
-2.08118638895658,-0.8587433772831408,-0.4102109989426216,1.2115782488026885,0.48989332348646175,0
-0.03975999720277312,0.6404108367302357,-0.4311362195724758,-2.261838911805894,1.863241046783422,0
1.5120718378015512,-1.5241560227024173,0.7001492687958278,-0.12788065217607802,-0.7667057764499104,0
1.0882641433266975,1.2211034498947284,-0.8712551607465793,-1.0652762132044056,0.3207424082069332,0
0.5214445226970067,-1.043733381140469,-0.6058380512290739,-0.45643992888602714,0.5521349973046776,0
0.5820643219915039,-2.2626793729202177,-2.0848683898689293,0.05670923737243972,-0.6900384919226518,0
-0.3883071171974207,1.7377623589928344,-0.47944439073756967,0.5050548989826003,-0.4612987778733163,0
-0.08721011462310718,0.3627411676834451,-0.19396006969331658,-0.9585216826130653,0.2715991137279426,0
1.159538702353578,1.5486372980492198,-0.23423913060938448,0.31305816167209727,-0.07036813219726697,0
2.488458245127047,0.5436951888493619,-0.09052405715995333,-0.7768892241364048,-2.0197113576941805,0
0.5416454338874453,0.22729346037967846,-0.07686473675494275,1.229336836731418,2.6632292176211054,0
2.554818278180236,-1.8171198537894508,0.0801676893898247,-1.1540326885931547,-0.19167672374349543,0
0.8203776224043425,-0.12945162806304836,-0.3193054059674884,-1.1959944556056565,0.7605925940102963,0
0.6110679519494548,-0.41645557626919233,0.5740837194957401,-1.6019193999762527,-0.6300020069497442,0
0.016017735873059786,-1.2274349609829034,-0.021456929008022322,-0.5616727180348129,1.864568809309356,0
-0.5824070508599458,1.4473906159867906,-0.9207847911165719,0.1028091831083958,-0.5143538483048151,0
-0.4990315776263107,1.2596075680826757,0.39524455004831777,-1.1293906421760274,0.08742321455354066,1
-0.21177775188337625,-2.409863776792867,-1.7101398840023718,0.1844661190442817,-0.41316533927901544,0
-2.4645809509585885,1.1083876741274918,2.767397189107287,0.8583913128045482,0.370996300271625,0
-1.158513430705691,0.29806598287106484,-1.2701294019832285,0.3539263828115329,-0.6079309212266928,0
0.29884590635551583,-0.03390014297866801,0.300727492412376,0.7598863119028075,-0.36859547249592356,0
2.305003519454572,0.802391422266601,0.0008230974079154213,0.9797309316088798,-1.1564313544101064,0
-0.1153761265416092,0.21888117111321082,-1.1988184392892571,-0.998793204545811,0.663762022660935,0
0.11811757557559936,0.5340150878883407,0.5980801789029079,0.41622507235340916,-0.5495333807790315,0
0.3441210470256735,0.180174110243356,-0.7780273007492372,0.37576896612636557,0.7168787806969387,0
-0.7539668127207502,1.0243961004580766,-0.5333130862168257,-0.31584577893032234,0.9943048024246675,0
1.1031224630738898,-0.12381264044157926,0.3358087829127675,-1.1086204905146768,-0.23496292053417775,0
-0.3819703222890017,-0.6669756471803199,-1.204946788730138,-0.5069139170141146,0.0069036527716117395,0
1.0794843548403539,-2.3927637870272336,0.7898580240333477,-0.9085484520174709,-0.3429596554495611,0
-0.3519356878298238,-0.02090575648543428,0.31571284671283106,-0.3457827358173081,0.035396372055421996,0
-1.612849819677934,-0.6260221424786578,0.7927312389733204,1.290314942322972,1.6981094925913465,0
-2.6391849440961113,0.25074598465716974,-0.6428496746436451,0.9345150057505005,1.1640860303154006,0
0.11676895941572624,-0.6415942432633819,-0.23651002058874296,-1.3898044730496237,-0.08186137621445748,0
-1.681571848915669,1.9985902258316648,2.134608708201256,-1.6693802339438288,-0.45871076049269777,0
-0.9848779886040888,0.2225867774417391,0.9459250638002642,-0.5890148876619529,-0.12368684800967876,0
0.231564332934608,-1.4704250516330943,-1.5412264492984622,1.6678972065249307,-0.23243696791596863,0
-0.8349732086383547,1.7135503418613256,-1.6029140012676892,-0.2246511605560899,0.9135215472741076,0
1.9631301538866208,0.7395384682115718,0.2763547542641123,-0.917787496642103,-0.46004905772059945,1
-0.7837692271233712,1.222880405691557,2.7142666297024873,-0.7635299836764547,-0.31257019287016735,0
-0.7745655452011132,0.4830623392792721,0.8184954322052999,2.286320071491255,-0.6527630487665195,0
-1.101851495413176,-0.5919256200126823,0.8132948358527383,-0.17632145190946508,1.4738507216610963,0
-2.304813280342501,-0.7479211687235406,0.9476510276782227,0.065950450187162,-1.2677247585268643,0
-0.2340840127727178,-1.334731399306576,0.6586100067336522,0.08887411355287361,-1.8469571890576764,0
-0.6709045867851541,0.030885958676838094,0.7615151178710801,-0.13586188873135288,-0.21219799025431324,0
-0.7304971627914789,1.2505182275806686,-0.05471776769126775,-0.8414015043953681,0.39934764354095015,0
-0.9718226384728361,1.0690385709865444,-1.3700876354499114,-1.0251888376904656,-1.9226600552754132,0
0.28564307728659577,-0.570696418277369,0.05817685464156528,1.511949843853332,0.20885636244350866,0
-0.4176147300590034,0.30392211138196756,0.8552328822384834,1.2652978109746023,-0.20862500898268496,0
-0.7975711695674067,0.8078626459141783,1.0977020712638548,1.8316761821255503,0.5549668955454223,0
0.3733742564197395,-0.9169189017975422,-0.655789722489642,-2.745700408930304,-1.606539904884102,1
-0.6892027124881017,0.7547175044277967,-1.133596607900985,0.917650103652366,0.2360637041247927,0
-0.5680083648898452,0.8096164385448906,1.206363405777283,-0.7736994284107435,0.013876202395820799,0
-0.4201464797927923,1.0019583505444132,-0.49944735837510607,1.5349578725919977,-0.3423155798450729,0
1.3282399397215872,-0.2321192313250729,-0.6345363825384691,0.09926316284660684,-1.524245343078189,0
0.9803171527048101,2.0561728782207926,0.3358383404486983,-1.2921698284784664,0.5209714564020326,1
-1.9405349166628938,1.4214886541164948,-0.8951424105863298,-0.41996557416999497,-0.6454130808445192,0
0.4803667569385152,-0.528885357182403,1.1884906248882383,-1.9132842595407804,-0.3581011796920128,0
-1.6200224299674983,-0.9452143528768439,0.036556846182704265,0.6935676097943486,0.21097838564185872,1
1.828067379721121,0.5671254466008967,0.3096307067582579,0.06911946571897402,0.028314988351025267,0
-1.043707124621112,-0.19548910702067257,-0.906549490696264,-1.6190187001144405,-2.3500265312290036,0
-1.4998995616112594,-0.6281261884622162,-0.7543340717607678,-1.3469843740320278,0.3043824470708678,0
0.21552530367887066,0.7062838479496106,-1.3419298332545746,-0.6042982150490915,-0.7020126568963099,0
-0.15950229099335064,-1.258634092254531,0.8258537541205458,-0.09838871864069804,-0.2049715129956407,0
-0.24501736934509455,-0.7466023463380063,-1.4936495330367436,1.1824117873915236,-0.880581747269172,0
-0.3291567675586878,-1.2490818027012212,1.09416524034299,-0.10650782892654906,-0.2235984449536768,0
0.7905823644063961,0.3593246304153304,-0.8370614421031644,0.17358744295029285,1.1250623230383368,0
2.17166468311421,-0.9471346885290853,0.8575549031789842,0.4722830134422561,-1.0372641995882121,0
-0.7777213782206183,-0.6362788474939691,1.5265261923267488,-0.09178516361041687,-1.5549058894756806,0
0.47028315512448077,-0.7409192648028543,-0.2554869573279598,-0.6403750222336528,0.22194248491274038,1
-1.5135048504205033,0.649249688906557,-1.21256599334335,-0.18666416057285262,0.4577292015643425,0
-1.2382633464965396,1.4679489365096507,-1.2832606408638294,-0.14745524422306028,-0.4500363206276541,0
-0.9078930686331289,-0.3531798639894604,-0.3580280972882859,-0.3868863550404892,0.4236915326597934,0
-0.5451111193250703,-0.21410716792385237,1.4595266360685812,-1.119001410103685,-0.25485012670158447,0
0.6898348083054224,0.1764546720234771,0.4972803033434429,0.674670254048072,0.3961034008570206,1
0.24326756090975848,0.851162008822454,0.2634800494299792,0.6783848810776666,-1.5612828793723195,0
0.6975446037080296,0.029185678598754723,0.47859626529198007,-0.9904711557869498,-1.1203570584731413,0
0.300912183944066,-0.15628593250116127,1.0735768748142216,-0.5642452057321532,0.9025964145854459,1
1.3068542128830256,-0.6741309150734981,0.6774069593176567,-2.3869017441605687,0.6255327806631753,0
0.04272286386255372,-0.06867340191929966,-0.7521101590505159,0.2890718836873736,0.4191977135655534,0
-1.172264510873622,0.11349665127942504,1.1158940098648398,-0.38639320797344756,0.7230867424379522,0
0.40177309428039265,-1.185469618295037,1.8769821062349172,0.4231340393418216,0.6569274480028715,1
0.361451488296474,-1.6825938238182985,1.384847956386091,0.4663334236204877,-0.23393849063770253,0
1.358369542122761,-1.5912931925233453,1.2170261636564665,0.28032915501771427,0.8170798944251323,0
0.9937251500141482,0.24063028546694512,-1.1312479731589182,-2.938475041912439,2.23993282902143,1
0.08554599890942742,-0.7027318340386468,0.3322729873732069,-1.7056569418940553,0.8413571656036769,1
-1.0706464954760158,1.0124853128782783,-0.6767729042155042,1.700792542652194,2.3659305006290308,1
-1.0688357406184426,0.9168270549699133,0.8935720625182643,-0.9088784463429707,-0.06026166934118074,1
-0.8221554400349532,-1.8055860320228863,1.195379402865993,-0.2527040093121091,-0.2728898037536148,0
1.3409459760482234,-0.22951646281546015,-0.6981910075029717,-0.5909824415229048,1.2395411512493484,0
1.2638258830112818,1.0606203920591855,-1.2750094255058162,0.8934455385021863,0.07513424234959315,0
-0.12183411497484169,0.7110556612959434,-2.6179086831726766,0.5141814988237188,-0.9080079657134801,1
-1.0176705115345355,0.8466507624403153,-0.9085577265632299,-1.7455772401005138,-0.7762130878720085,0
-1.0118166503700337,-0.11076114075874767,1.9619074579669313,0.06718418659646375,-1.087180747247882,0
0.09200540380265476,-0.14402646371904324,-0.8998250927809325,0.7971622507599573,0.43113844023967013,0
-0.06797159594731791,-0.11027228762357333,-0.5608096360642787,1.7080699897565281,0.663404177891933,0
1.452166228454234,0.7066545747902011,-0.5921262634927902,-0.053136593488228176,1.5807578952443186,0
1.4634798169375,-1.0201461092426727,-0.6101834990000449,-0.900559887698517,-2.0779145376255603,0
1.4725874882811663,0.34392321160763234,1.296692547536695,-0.48051484942674044,-1.2858929783637982,0
-0.4363669751812573,1.2810958247279014,-0.5339668379050534,1.03894300265924,0.4153576709246464,0
-0.14573355668195834,-2.3999436501273164,0.010311400566939822,2.1235123462837024,-0.5565305920617751,0
-0.19069819662179988,1.9724387490411373,-0.7347277336127332,-2.5230070255906747,-0.8524494799120612,1
0.016550613053100554,0.13134116218721673,1.1036130696172872,-0.07819963713192661,-1.674365586804875,0
0.5876073287924202,-0.7767421941002624,-0.7051026490630812,0.3613083830433465,0.6472778716404024,0
0.32031460416897684,-0.977406380604958,0.20455134337361094,0.6442802322881962,0.47300691359821834,1
0.5505457380660996,-0.8385823497405397,0.1370963121841112,0.11474072154020681,0.9516829914814363,0
0.5206095307494815,-0.598160105155152,0.1745098573743477,-0.3561744303320242,0.8025428441706531,0
-0.6894287261742991,1.090612939491542,-0.24369078479063952,-0.25829960218812525,-0.3467952395646629,0
0.7256388019461293,-1.7057461319298648,-0.4366397817599967,-0.6964462222816912,-1.0327705410489343,0
1.3181413399750033,0.11324790938733686,0.02401788129801686,1.18174496927437,0.028878902867040375,0
-0.4506832461091566,-0.19792165900898048,-1.8288638417753558,1.4569771572031298,-0.5103646746531474,0
1.8632914590681526,0.5775761103241481,0.6673449906836147,-0.6917262283529618,1.026425801403577,0
-0.2424326416960739,-0.4051333552151967,0.767191480034804,-0.4401543096664491,-0.2057951175986504,0
-0.1796993893344962,-1.5252897511563615,-1.2140428032303838,1.6878357354852636,-0.1317006582230997,0
-0.06674293845364931,-1.0582184536106765,-0.7477056137716249,0.4268474862333134,-1.3179911659587082,0
-0.4837655149182954,0.8741251519039448,0.3970521815525764,-0.9818326154951469,-2.4166453136554025,1
-0.7803896929097868,0.21810421899677065,0.6749226352000182,0.33121954533091413,-1.187158317351119,0
-0.8663757520404792,-0.6410075884427378,-0.20063021799922254,-0.2622626700914591,0.0808478606155299,0
-0.07017409664753402,-1.0899876521260228,-0.2523106954751627,1.3307613092965431,-0.1156478712757932,0
1.0067005442193329,-0.6184982143714658,-0.27068879080825403,-0.33698720497051116,0.015783568344434944,0
-0.6093406290916551,-0.2563048900934729,-1.0389634592933457,0.5760793425538884,-0.2632137846330071,1
0.2284069054829307,1.7412777776665673,-0.6375933057052131,0.08608916561485146,-1.4076976656083484,0
1.6402349855526621,0.6168490902666457,-0.9261717890195721,-1.9361484649024447,-2.4913782204360846,0
0.11364605626551137,2.455594396060844,-1.550249134265683,0.44412884828666205,0.05043049718484894,0
-0.27316355719188107,-0.642607286674995,1.4632286437522848,0.8367190591970148,-0.47692648990706965,0
2.0221154907029444,-0.16337531950569806,0.1350270879771206,-1.2539386692497658,-3.0410853306569963,0
-1.4164033396030953,-1.5106748217436055,0.6309117727397765,-1.7414299553488508,0.43670602600495656,0
0.8247657165670162,0.21809010421849162,-0.2631586117513072,0.5572844381356692,0.16917649340305066,0
1.5314405923146426,0.07362648751850809,-1.929653343158115,0.6722568144690391,-2.0079309567507826,0
0.5232089149756858,0.6692377202154562,-0.08708486951644594,0.3255220885248038,1.058264602018106,0
-0.5542234300484606,0.04083562389543123,-0.385226099784845,-1.6565622044505288,0.07016350194721978,0
-1.5797939333695181,-0.6215101318122278,-0.8227714833951021,0.7591089042036526,-0.31899318310361824,0
-0.3323091101725137,-1.5028027387597898,1.1400998103682285,0.004926557708590406,0.5276867832143843,0
0.42340231441155896,-0.12621092433711978,0.2369198795075168,1.1500533606081553,0.24031139221131176,0
0.10521856841302839,1.494426668265693,-0.8451736849913702,-0.39575534153859154,0.7137221191827415,0
1.5485984877325105,1.3059846154397705,-0.5281331647462187,0.5656245533818746,0.29332628744189665,0
-0.24219622259974583,1.299082840897373,1.5730413953880042,-1.5966515234929586,-0.7702658920598326,0
0.03377443817938054,-1.098928338815544,-0.11345460611422097,-0.42388090995497646,-0.6999335744536214,0
1.7814155651794035,0.5529761776006419,-1.3485422387723025,-0.4991516748216387,-0.23143156017757538,0
-0.7545242074292393,1.1993681697927874,0.7132569974481479,1.2003438240006037,-0.008446251846707916,0
0.11445869720062621,-0.45626990333851414,-0.4142553835053876,-0.10834400813367111,0.6488873429985726,0
-1.6653762866502513,-0.37300224286891076,0.6817993283682463,0.24787843993875452,-0.2827914061878084,0
1.8159733312910948,0.21623223498940786,0.19927830067692828,-1.5356672794763093,-0.24159832035070267,0
-0.8523569191471755,-1.7296435753972534,-0.6390412616995831,1.0530012332808276,-0.4563290800961573,0
0.3322391104960752,1.4128863180513864,-0.8252093862143256,1.0715409089016967,0.5688548480572811,0
-1.844782900444025,-0.7181700096606097,-1.132964404412036,-0.7870631701656479,0.5286674339250014,0
-0.763310041377431,0.36652018307241624,-0.04543495289141066,-1.5439068372387914,0.8465956532102165,0
-0.9315097831594334,-1.8812319320535216,1.1369575165588415,0.9336851458332676,1.4364312924826843,0
0.1831659267645216,-0.7882322388575412,1.8084164340548037,-0.010235937751366535,1.4072211550447584,0
-0.36644291929620015,-1.5732661583412393,0.7521094684096664,-1.1568376769016857,-0.6424509329249156,0
-1.218759158037226,-1.5510099035136935,-0.35622891506303384,1.937205126385696,0.6790897661569875,0
-0.06867737872587464,-0.796267467517363,1.2817717819763115,1.6225547319581701,0.7766888313517228,0
-0.20743833850131915,-1.0798109916053444,-0.68692731470642,-0.7584330332589251,-0.38900371235049275,0
-0.8575377940568655,-0.1669113623601904,-2.270692152606509,0.01906490639154346,0.12408609755367042,0
-0.9831681503646313,0.8017314306975433,-0.2726153180062883,0.11010370227175097,0.7570311028211003,0
-2.482714791335396,0.21642038993817853,-0.17376054863409784,1.204033222282487,0.16682115233989542,0
-1.3879506644842148,-2.549373552894669,-1.6727572063140503,1.531299224789679,-0.8232282168447708,0
0.4349661927368102,1.3534432820688373,1.0278423974703277,-1.3654421026527255,-0.14186704582881643,0
-0.6858227676965424,-0.5435420872499048,0.7091063962622646,-0.07183665156274693,-0.3556366326529547,0
1.7988786688670417,0.34486077834053114,0.8618455283189366,-0.03363595255830745,-0.5535627213161822,0
-0.607406576652633,-0.8663513467463488,-0.32109702431179404,0.25526282839987385,1.2333346832566379,0
-2.282807721565603,-0.27078872627535294,-1.9400186697704482,-0.6388368945743672,0.6793722458915149,0
-0.3173542851452152,0.2998002595747995,0.5215020341720601,-1.4309740985550246,0.17439137216208517,0
-0.47738094184209817,0.7455939071929826,0.44625414784093503,1.9377284647592357,-0.9058861244932842,0
-0.8961481676170517,-0.9329107104508229,0.0038504239785901707,-1.3420763729875747,0.4990062391738705,0
0.7123210677794106,-1.8220403097160602,-0.6447176472744955,0.7395186232318124,0.6211890128552179,1
1.081841348982436,-0.9955488713689894,0.22366141212680044,-0.21498943008295968,-0.6885124389953912,0
0.5557041884614516,0.20983088691141705,0.32228712343310895,0.04982908080245813,1.364762828290395,0
2.3449094253295253,0.06346235945916558,-0.41211424560271925,-0.11011862657720128,0.15943114810648776,0
0.43945715976232325,1.2464351172202068,-0.3352319368844981,1.0651097913344605,0.5375160684951177,0
0.3804737279286442,-0.3738409522919879,0.054321891536772283,-0.21822251803771547,1.6194834829007207,0
2.41825965624304,-0.8001293546979797,-1.9602758768948672,-0.04040729794468155,0.1845322629758536,0
0.26814938986565046,0.10923844069284516,0.20895777976224292,0.9878558477350001,-1.4156662568246314,0
1.123569325060282,0.9312928401134619,-0.06945898767322867,0.9333876421813961,0.2614080373553199,0
0.5091226259115681,-0.18040440576958203,1.278285398536767,-1.5187735820056545,-0.028874682040548234,0
0.6530030991354521,-0.08288880743161436,-0.7238007223681695,1.1034907983166264,-0.7841889064924796,1
-0.8720511818626897,1.1947238759324894,-1.0483315255257923,0.09987195621575118,0.6766350051308793,0
-0.6037946502869562,-0.6694440944485014,-0.8421072041433985,-0.5486143680423532,0.4275382445932643,0
-0.5609130772114566,-0.13055722923727434,0.3272010908865557,-0.5355176045544755,1.3769333028015849,0
-0.9476660616897212,0.21980146451705374,0.7741003446205614,0.007173099060634031,1.2587801705500272,0
0.8301578241030234,0.8408862991198053,1.0310030275576219,1.8719634099177915,-0.06049359348209262,0
-0.7046770841937664,0.3824059402546867,2.0857668040791917,1.2528408630883117,0.04637458465758036,0
-1.1688898046460845,1.114220491106057,2.6323398862763008,-0.41003868069904226,0.32286769768568574,0
-0.4220623424941636,1.666718960710496,-0.42656428613639225,0.14811138028363732,-1.0964055285485312,0
1.2872384857064398,1.0142163286641404,1.0632724275256993,1.2023934253271382,-1.028211555865406,0
0.5460059853265364,1.2316662177805948,1.3720491732274847,-0.2746980861248386,0.17188510596495699,0
0.3899421334465048,0.7269198371821818,0.11257433516183858,0.5448364449206311,-0.46724303950246776,0
-1.0419025464110108,1.2040954116442746,-1.1752690296246413,-0.8498915558087247,0.6507501074804484,0
0.22164342187046368,0.3314968299419334,0.6968872794343762,0.6027440723477113,-1.55524387883196,0
-1.214409697688464,0.47207758737582756,0.7143814538519923,0.2628845182334978,-0.63067133702886,0
-1.6503817247653916,-0.3792801049708662,-0.02054304011382699,0.5039469752567626,0.07787755759756954,0
-0.8709547938296451,0.6087089331650916,-1.7182490167743631,-1.1397043243299598,-1.0462484637786185,0
-1.5050061405460793,-0.34583100769577113,-0.3708006435891493,0.054264094722108316,0.317143752905646,0
1.1854098503366208,1.555421678146724,1.0127334311720944,1.1208926218722555,-2.3695130761656062,0
-1.1883576880014823,-0.5933467042080318,-0.46914654942431033,-1.0437401729277125,1.6324116678733054,0
-1.6036847611345144,0.5781019809583372,1.953741552635197,1.0551759652842008,-0.7512018979217566,1
-0.6821871704092578,0.7440292179310017,0.3161520556455428,2.288594629790237,1.4205595886458415,0
0.25739128528627797,-0.7759047730672401,-0.35109510505577135,0.23576996821043258,-0.7293053872625652,0
0.6505497086497679,0.1696142496465037,-0.04759538456834229,-1.4850692341225922,-0.09506302545631493,0
-0.918399844138247,0.6011101891994772,-0.43355109160468625,0.1401449726204661,-0.5776646957423316,0
-2.3497800589211186,-0.3635903631405745,-0.3763872449112682,0.017816283935448023,-0.6165276599783761,0
2.239068355794124,-0.7374820994805369,-0.21483284829100177,0.14108497479468676,-0.798923185029762,0
-0.010802493511094928,-0.7045495554739636,-1.9447808084174663,0.16079985104600047,-0.3606089435747236,0
-0.6505012139713159,0.41837897865270773,-0.533948637709873,-1.902383275781986,1.3163503797729228,0
-0.7984505432563063,-2.133162686166226,-0.5373743225100969,0.865138729629358,1.4394774577283036,0
1.3301480850789096,-0.0493273577266396,0.06663373207338068,-0.9340054219119699,-0.12835616403167774,0
0.8960606573254349,1.2508955414603988,2.0485744873949563,0.3962889681158309,1.1703002383463998,0
-0.6401570030544474,-0.4447327448706873,-0.2618920046479154,-1.6884177090993289,0.0668692965616585,0
-0.7096492849437209,-0.3879772936587159,0.1433894792995325,0.21285215190036957,1.2765175856053446,0
-0.13082094094945249,0.5118757786480016,1.4687116257012107,-0.7382503533828028,2.135275911303321,0
0.1972352097679075,-1.0141172321247576,-0.3256293548375351,-0.5549132722390561,-1.563516141240035,0
-0.7162394244994748,-1.5881567201978213,-0.3053058775998345,-0.6253622929306407,-2.275357577239684,1
-0.8148113405748507,-1.1286405594699045,-0.48562216113909457,1.0921552043990175,-0.6131008351020976,0
1.4144287297615916,-0.06007450005450452,-0.49275301217551354,-0.21731911610606638,-0.7567518332862898,0
-1.3391158125426266,1.9949393917056244,0.46294117594070167,1.1148870677454161,0.8365569739435554,0
-0.2818071407086203,0.5688365304409888,-0.042204453734035655,-1.8130101063876216,-1.3872280617091217,0
0.6470244012797502,0.7706860007984356,-0.8093882796814305,-0.6015465125130192,-0.7042305771265179,0
0.10009102291352398,2.7055744705747884,1.5500385261662426,-1.7168516350078333,1.8613896372622563,0
-0.032283755658304686,0.976374027511704,-0.6054657651068374,0.8052626065588475,-1.7505041280713909,0
0.32341679769370235,-0.1370178991865058,-0.2491581976193502,0.3908362112443629,-0.5821603387063374,0
-0.029653826535449106,1.4918743320697319,1.0227735369592124,1.0762310280638356,-0.2521140121794691,0
-1.2622021030179102,1.3239796566984001,0.5030572014284667,-0.3321859426873603,-0.012460310233513223,0
1.3050815368720126,1.7857706026307938,0.09271822187214526,-0.006511987920428934,0.45103827747243,0
-0.6669776006979816,-0.4659612509330221,-0.28788807810339206,1.4277539150750045,0.1724829373411843,0
-2.1882907869708954,0.12765268726875845,-0.21375976533187702,-1.5116635720839002,-0.29623397942595575,0
-1.034340352136863,1.2904584505612833,0.12469825552535521,0.9397753161177719,1.5876836458492833,1
0.4080499293909466,1.8990722609910342,-0.7877043556255119,-1.6449852655819033,1.5550931438260467,0
-0.28844208936650656,1.0846192449923604,2.851873388903545,0.035819838716335824,1.2030454783236757,0
0.21335835180424642,-0.4408737684065519,-0.09291687353339997,-0.11120573102331331,-0.8318558904674893,0
0.19260347668320932,-0.8452137811054448,-0.8524986910695055,1.2144159301111936,0.4042421280488769,0
-0.6922196199883962,0.011800289731758012,-0.543839869493109,0.6248419600812455,-1.3440391808163112,0
-0.3441533964104679,0.4993491827281449,-0.7037633970126375,-0.4844864570451773,-0.4906471235381526,0
0.03414085807281949,-0.8997009813614935,1.3767012916885975,0.19014120568321913,-1.3302746386620925,0
0.7001927052910923,0.37036610251741975,-0.22026042365269582,1.6770708632050395,-0.8362718142243621,1
0.1863642518678398,-1.268821524594161,-0.8856659482816224,-0.47051679531630214,-1.0264358754598821,0
-1.631108750807872,-0.13525705851510694,1.4995899807461877,0.24190378600498907,0.025870528259814535,0
1.637948758978206,-0.468719231639267,1.2197718438661285,-0.15667884960458503,-0.24482150580794512,0
1.3310883129441888,-0.5511779292090032,0.0810281334312788,0.7749320824199795,-0.6140911551875726,0
0.7351338758191099,-0.9232358072870804,0.7731449115252302,-1.5121585629543932,0.1683722338488174,0
1.0318442450451053,1.9240398020902734,0.14910003568605157,1.1026124096237238,-0.3116378634029749,0
1.0608349163795405,2.7736922694522796,1.0542448277525647,-0.14565865847479043,0.4528714183728489,0
-0.11271432801521454,-0.7213937648376461,-2.3577945703504954,-0.9291601782026314,0.12639621934244025,0
0.4802890346474865,-0.40754966034286993,-0.5540953686173669,-0.26542998350743624,0.4291271089559229,0
0.260431884600651,1.1963089039162442,1.0709413524870652,0.9130249232020367,0.6722873604040627,0
1.097720191412703,-0.17544659052093906,-0.5809966208589129,-0.21580567022868805,0.23696538298944603,0
-0.6700316994886875,1.8562173002573024,1.2494572496631935,-1.173526123397711,-0.9591727680230673,0
-1.4306300131694365,-0.9889016471781191,-0.9544692780216991,0.22058356812475827,0.5661557044367446,0
0.739005558907402,1.7075320541123804,-2.0294961280593475,-0.14222287240111323,-0.009697030719446394,0
-0.20687165897342463,-0.3999784675232184,0.6610250035102159,0.9342524742438129,1.0086263424003645,0
-0.25858375631349945,-0.8747119399939444,0.4178753394297789,-0.5365691601759264,-0.6822296458656038,1
0.8459106635948463,0.27903081062024787,-2.765866383134632,-0.4749987777928475,-0.4885913918671955,0
-0.2508770415031933,0.13282848732663277,1.1765746825048526,-0.1174054074495086,3.0375652398088415,0
-0.6279272092470103,-0.5127951493598246,2.2264248696335796,-1.8289622376425108,-0.9191642719561208,1
0.5446278600588792,0.44973986025987184,1.134331311670213,0.8035949402640232,0.420368500124675,0
-0.13850869388390452,-0.2023497687907936,2.045480814096027,-0.40978722489089303,-0.6198517022371738,0
2.07705733488557,1.1793160562000726,0.6808458336477223,-0.6322641454951795,0.08200065463496409,0
0.34164842667523004,1.0593512508028173,1.4018777221224397,0.32117996855313086,1.5396707615837895,0
0.9882461893266172,-0.17667488705867226,-0.3131757982451978,0.8900743565225776,-1.1016665532376948,0
-0.23652334068097233,0.37838709245904345,0.6323329595017533,-0.9461040021229633,-1.199532510449718,0
0.09322857610709225,-1.011163904871116,-0.31589549855039245,0.13583469983135052,0.3993864778697919,0
0.24020990253759605,-0.55950480574197,-0.7744678744967206,-1.5947646425499538,0.2184951834926366,0
-0.7387110513406079,0.21887080146711768,0.8708496212759818,0.3722084322841645,-0.08680757833036112,0
0.5707434145037721,-0.596228765091494,-0.23633735812678416,1.9396731604572925,0.686893694692687,0
1.0062142214463512,1.4896858864319802,1.259958299126089,-0.7770175097717734,0.35129501625452375,0
-0.13033605630870573,0.2323602327434139,-0.15921475464959756,0.5737002008727128,-0.2023822763132622,0
0.39278646873005646,2.37352622574056,-0.24716550457582606,-1.2952668817555524,0.5604541739074589,0
0.419413328889332,0.758703778109219,0.34535935873403434,-0.5157407679445644,-0.7966021595067181,0
-0.11030770766514453,0.09555123086443441,-0.9859432010674787,0.08703708875807074,0.2997700678448279,0
-0.5156333656424765,2.0214303465972607,1.0550984599316848,0.46484420942174837,-0.22730692860719337,0
-0.32964274215321016,0.3670443126343725,-0.19493774367532296,-0.2245781375482045,0.28969851899686355,0
0.9586530492413341,-0.6280600341809075,0.7508472255741037,-1.1886562398189682,1.4989693746529085,0
-1.9100851846202815,-0.5558657259966461,-1.548186416407315,0.40503169212214785,0.33877444923942845,0
-0.32460939845492237,-0.8227745344110303,1.7574834406080186,-0.09503292820425029,0.8228884633935107,0
-1.106444565732512,-0.24188701057240758,-1.008427364263127,0.3947587338183985,-0.864649095271133,0
1.9915925355744573,0.6828198817217002,-0.41837967190526376,-1.0753303287381577,-3.2154007767790986,0
0.7519782301127431,1.7482451064290667,-0.373876438905732,0.6246726602283369,-1.0791854990370402,0
0.5454545654522157,-1.9424241907308817,2.0768523829651007,0.1783924182190651,0.30972489928534536,0
-1.1128367291049073,-1.1968687430139804,-0.02005855052081474,-2.933867308624053,0.6460864090378454,1
0.4817116585870568,0.82336478084126,1.4736060748764053,-0.9105041915950824,1.4249875097693776,0
-1.3310992620176787,0.9350625620237627,0.18150650782276462,-0.9486460590074367,0.6403182550385588,0
-1.0746792071134583,-0.5722801147212916,-0.1737325616552666,-1.7263754438179724,-2.1912769446906544,1
-0.6452811059428544,-0.2834856974841018,-1.0568711669855526,0.5275575170538421,1.4358043695291869,0
-0.6622582717503583,0.9892116037006309,0.26553837889405546,-2.0207468507069786,-1.6751185183389512,0
-1.0235748777386948,-0.8746945398219281,-1.252525458581803,-0.23285866041062658,-0.016136588884575108,0
-0.681471920978411,-0.3465911379512445,-0.914996125548885,-0.10920629170805256,-0.5786371863944343,0
0.198490470963808,-1.430019259321065,-0.6768704932873919,1.3419013360246232,-0.26479279253380383,0
1.550886028382367,1.6135587329138548,-1.2041569278182265,-0.6192182949041031,1.0923105587979496,0
-1.099662260600587,-0.1390071372195163,-0.39766664765306536,0.35370885048808,-1.906260986946624,0
0.5865944855815841,-0.2919230155590106,-0.31585375745185007,1.149527267368499,-0.27278781313240424,0
-1.7290883296462731,-0.24211118375795074,-0.06846461339135647,0.3739161504478899,-0.4099885698893444,0
-2.2104968738468154,0.12272698976662481,-0.6035483322775718,0.9971109802036705,-0.41761118680630116,0
0.967864063305758,-1.4319599325538257,0.2162806401148395,0.5830088822079332,-1.211236691567467,0
-0.8538526193149061,0.8620248948516127,-0.9491016297776035,0.2895976099117528,0.0907121320588342,0
-0.6386226885856513,1.2276736155382726,0.5580879617274236,1.4002225003493072,1.9026293609497396,1
0.47767154337460455,1.2269511395757011,0.10565770627017154,2.494725738794422,-0.8713246357618748,0
1.0259191100246745,0.08273607295590306,1.4759656890500301,-1.8043039287382405,-0.5427732170953037,0
-0.9196387420527088,-1.5097168268150785,0.06476030480184429,-0.6921569350630237,-1.2284060608871987,0
-1.8941905294200274,1.1483976944861591,-1.0994366504605264,1.3687843953447667,1.0683199817047955,0
0.17845141998781977,0.05220998825487741,0.5872228435325781,-0.8106568109221957,0.2934107391441853,0
1.5970061362414332,-0.8728057520912318,0.32956533192922133,-0.8068524434047567,-0.45537935059150725,0
-0.46891637042533063,-0.27207325834183627,1.4290861926439138,0.5538215606269016,-0.6885088696589228,0
-1.6701444098669662,-0.7131230392060409,-1.7905742736119696,0.917058555810517,0.06319505064298722,1
1.224970671594836,1.2831326368082383,1.6232547150903163,0.38899273176143256,0.6569958280190368,0
-2.0155588049359072,2.3744512806752733,0.481811939652507,0.18773567944379557,0.9174299300351398,0
0.5270822085441407,0.6623684831893469,-0.2390796416439414,0.7878023019450798,1.760247288535054,0
