ID,Temperature,Pressure,Vibration,Power,Hours_Since_Last_Maintenance,Failures
202,68.1309487743959,174.51726200294533,46.659646739511146,88.05153269713544,549.7154828353439,0
448,69.52209122626462,221.85793639934369,55.0276761298728,121.55803478906651,470.56949901397985,0
370,59.387373670534096,225.2163847239573,44.2723089100054,88.91889413174432,529.3274965260315,0
206,63.45626653886984,188.7364167532983,43.18313687639421,131.9831336905723,425.7225155471291,0
171,62.26775029547177,217.4982288646551,53.53818211854244,124.02029522343781,495.07950838266316,0
288,66.4921075482713,191.4050329251358,50.04519093256154,105.65892369014969,548.9083878150743,0
120,72.18222732531096,202.71674765316592,55.32438369645119,106.79447718749513,515.087187127547,0
202,79.1056412237108,187.46356797468636,39.29867060611011,105.64005250033712,538.0306842401544,0
221,80.55330996546415,233.21377285193415,42.99663004440718,103.194354573642,407.2078700548353,0
314,76.53634261335324,195.55974159005154,50.07166029922078,92.67516605043642,440.9325438115148,0
430,61.260258805149036,201.89673534235195,52.08836849241893,94.99624333585675,442.6660160784055,0
187,69.96704079672647,189.6809391880426,54.234985438447296,78.60079686814836,472.35102444132474,1
472,93.74329403492388,227.91973395854592,50.87408884404389,55.7991442141964,635.8582869617828,0
199,80.14532692687298,228.29921969134116,50.82327577679285,122.081412185641,464.58212444642993,0
459,65.59495441126475,224.4639377189441,48.052992284849005,103.14516873570597,385.64405402344994,0
251,85.8203818296378,214.34660522521432,57.95452452452259,100.12422711243572,554.1645687850593,0
230,66.11930810202585,190.6281567959892,44.48488272264751,107.9689824571576,634.6643431434481,0
249,63.31598031696732,212.41775143943627,51.7951007627797,83.43205090412702,373.87881481476904,0
408,83.95731935928563,199.89435801612896,45.0609558270599,79.97875573231134,697.281075471809,0
357,56.90350709988102,219.68612932613948,52.67389272902505,94.32630612643695,541.5176602323072,1
443,50.862224197316436,216.73853080048042,44.81491215306117,127.36196963527625,603.3890789068391,0
393,79.41284578060475,190.26101632886113,53.71907849250229,76.62517943013748,646.7071635043314,0
485,70.27690931616213,214.21738704255824,50.56052473412259,47.458692863836674,597.2617642707742,0
291,71.27365478537156,210.2305167506589,58.72319586629341,89.57197816362495,488.9464402992318,1
376,66.38577160573023,158.39655705629826,48.59490176364207,122.85399832470367,621.7698144191415,0
260,67.61506632615942,212.01404959444193,52.124830581237724,65.34911951291292,525.459976987092,0
413,65.41890097168624,193.5230631703969,46.101718597696454,76.39432792354256,609.048472490764,1
121,63.740070697456,186.7093631850249,48.56053496779353,105.27093481156338,619.9875483780684,0
352,66.18089777631238,187.35109093559387,50.528747397221764,151.3981407095067,390.91034100272316,0
335,65.865487611823,197.97135656551953,42.36390038764313,72.8357666294761,579.4301131977006,0
444,61.71416228981265,207.20089370130026,42.91188032907614,72.06131817064082,481.81080814866283,0
148,64.54830800668157,179.5180696671173,52.99929649917823,106.7739673767837,513.8190636784014,0
158,44.97240478337785,202.84771754318697,49.2695658923416,124.09348879987408,512.7092748842798,0
269,76.84642201555168,208.6513709928961,47.03536733475989,87.5180257534858,508.6970217575358,0
287,73.90253268983142,227.92708675504448,46.31506909791622,67.57211687755662,652.352531222904,0
370,69.15091167504168,183.84964746162305,46.50755602138153,108.67498441772692,363.3552373105937,0
289,72.37324384759744,194.75581719833295,50.56275357504114,112.29682794605947,327.7656643130214,0
274,72.73577403138628,203.92494459044718,52.22517932058095,135.57310253076497,306.6709928334427,0
150,62.75998203395701,217.21113995287408,39.539463851873876,113.13894224648558,606.9144263935914,0
463,64.67419697779596,195.43664178242278,57.064170283849464,116.56132152744759,422.656250813234,0
154,75.28316609630376,217.97962057986575,56.708503814709964,94.75709712264188,513.2186469514886,0
343,72.07503485159135,170.9395652528531,38.3467261822655,148.83008684338935,488.5282875875421,0
419,90.43320489682306,181.1997771031717,55.42963348161399,92.0371597882306,411.36248593600203,0
230,86.19612155437311,205.2296651650133,55.27609425665521,87.7615575717646,585.1477237555698,0
406,79.3301214038835,178.83763252868187,50.002227470937726,136.19029837037215,487.25370317826156,0
234,62.38265084272181,182.38294209849926,43.51415689057562,70.5152544220918,476.2264922961615,0
120,64.35442996730426,192.0833470363109,55.07614045832536,63.0518323094417,523.2871307740251,0
428,59.979532763712655,211.57158487873735,48.793844668513245,102.3911384919697,572.0772084838217,0
266,72.79757349786709,171.56052738039065,52.74439421909478,99.9652695344861,404.10237564655523,0
373,42.590451555402986,202.5544754324359,61.0960063598089,95.44224036898676,587.2918347333286,0
487,65.41380723057001,215.4944592072921,51.259183753118094,119.87859514243303,644.985351977335,0
188,66.93283600678183,197.07582187356562,45.41557654140719,81.83587635422859,357.3877631238824,1
415,54.75709466830008,194.4675465561119,48.32134502540139,101.28334251249348,527.8298979127832,0
113,77.97736314578634,206.0265692383786,46.05277319879506,92.79788094723627,469.50777876426724,0
341,58.608582714101175,197.11833420917839,52.16744858724261,82.17562999786499,569.923058072014,0
364,72.67742665703261,220.8574967186112,45.96966220625097,98.76319832078633,378.3340787473149,0
445,97.8377742348905,183.32880481798347,47.635742888251784,117.05191606590205,662.8938225643576,1
152,53.88994390044779,199.22533767252372,43.577848127962,142.41136240861005,339.21051935709306,0
485,68.51448594992951,203.08529562441026,49.33956497240428,111.58837965797939,475.5719060223466,0
439,65.92539862364735,194.3231892223031,50.88377396651025,49.78329997197097,543.429607599536,0
191,63.980313211036155,156.93076005563807,36.576059764412534,99.23719829116702,431.3663153065175,0
466,77.6025109463536,197.5864263792621,51.297867807401104,100.99605581805665,415.65984515429625,0
363,81.06329104828443,213.502654803687,49.7714988445161,118.724180191599,522.2235636630523,0
134,77.71638149301336,211.67163779189025,46.17504025621936,103.69620604979478,507.77599199910804,0
305,62.76660917548766,205.321677232553,60.143144621349364,125.06177834604154,500.59381694151494,0
180,94.33848078402417,183.53206462476166,54.792382638023774,107.83341231230543,585.8688511465626,0
149,52.297568116581076,205.92964193687726,44.51798756924299,131.17596138995776,460.55273065719786,0
459,59.673709309657056,191.39843267686643,54.1911843978557,91.22508159903413,531.9592649795004,0
487,71.69729284390374,205.30224358923,56.22249038010529,102.88686934593387,449.33971917241854,0
101,70.8939391914565,201.82257517102573,50.66010461308779,116.53283070779793,415.0670514170592,0
489,74.8804407937875,185.35437093074944,51.807210184736626,88.55611859413114,471.5241371509982,0
153,85.80134095075202,186.61316240964643,51.69173333460795,84.19974395837848,450.12348128063684,0
205,68.801490806344,205.32533681632276,39.57092070538356,87.4129580062663,455.11961988372184,0
359,71.1372946021298,196.68330357067248,49.065652015748,85.01568765822155,616.5327417802162,1
409,64.05483947275751,187.39577854014306,48.805435790079855,110.45123841750654,474.5896545964446,0
290,75.88328518460642,186.1575471540975,57.15077818279939,63.303839407308885,433.7093327720135,0
317,66.8152148934966,195.44253728020675,51.668639317809365,68.88059947364187,502.80787740479906,0
143,66.80942978933658,223.52157192077314,48.51194518941652,137.25492984714526,510.42279391284075,0
261,75.43483152963778,192.1088295168206,49.549376295044944,85.49806558051645,381.3118770405929,0
301,80.34920927080599,199.78970692613618,55.11692790813701,104.00029702343497,470.1593728076156,0
369,47.918934483261225,201.52466431534265,49.07707668377342,70.21707164201743,466.13156759014026,0
450,73.60778424673428,183.03460412762087,46.50902233454195,101.88248535578552,482.7855726291527,1
403,67.29796681322462,173.55751274235956,48.62148903539567,85.61986664637192,572.5528373037986,0
370,79.4761693766141,184.60038897896405,54.703480719113415,68.73821003679171,513.6671871162882,0
314,67.49877398925489,203.70616066709454,52.48082452798968,126.73840875129426,622.7937347385331,0
351,83.010524331623,201.30996586873113,50.221339866745566,123.65131454121743,498.8339644111185,0
289,63.235869795159616,210.53609853726599,50.95769649722415,97.85290418571967,677.6087280380065,0
395,47.69670092374111,201.45124842438673,47.20128763202259,119.98838065355822,453.92249862683474,0
312,80.51593040671666,198.35676062796193,49.03025299778673,138.06585375454318,423.0437618834876,1
307,61.564550377545295,190.9398158761231,46.683478391127416,115.08151866316179,554.7302674776973,1
336,54.197480632564734,213.2691018479404,48.526103578501285,109.59359479019926,636.4081937465018,0
437,70.1605341864393,186.21229791918924,56.730891318133125,103.97899392966619,362.1196695414774,0
466,67.60821333969831,183.34400724055968,44.61064094311405,112.98994729718478,480.30093517856847,0
152,78.23104975745007,208.50583276082153,46.55641166788543,92.72161213020726,438.9218054914129,0
379,78.92410819815211,180.00264034019517,43.72850568532124,94.46728261677107,514.285101299208,0
316,70.95620445889392,236.22186497987946,42.64545621406201,109.01782750425029,501.00179234994044,0
351,61.15184058082015,201.19990070838716,49.06614042902354,90.52270259680942,634.5381247627721,0
287,72.86941261224298,205.2185917448733,46.91195409099607,92.68400654412996,489.15952071252167,0
479,71.65194380120577,187.8737026321492,58.80844465396096,100.00373329269947,637.4784098970229,0
140,75.68936674469641,195.27102733637682,48.58576726911103,123.01215101186138,468.4899663981314,0
256,61.251932862552984,193.59864324676468,56.446984317150125,77.34672492880705,592.6481875105217,0
114,65.99627126832448,191.87247518497037,54.84003237470317,115.18357005410522,522.866302813672,0
400,75.09378116336106,209.4944262726474,48.95522922387993,115.83592825606941,672.9885398683444,0
164,82.47327055231725,193.25635942662078,60.550677910428114,115.71624018593619,352.29851371855716,0
444,79.6592200795959,215.26251843626272,51.34266993232404,83.86507239581022,383.61422822401755,0
426,70.82054871152798,239.94773525179735,57.565046330019946,66.14636768978126,683.1622284658387,0
108,65.12604976078852,195.56688139780175,56.98298445790632,111.19400944822844,426.6734906513646,0
443,74.03820558679305,202.28473270364935,52.073239925523914,103.75077568827923,433.01966419241387,0
228,59.0860956270653,205.6922308574826,53.755654239029255,120.08753269526264,412.42764145001456,0
235,61.82998560739106,227.17257218890276,53.120357075597376,85.98926343980924,614.8445956533724,0
162,85.09771312459624,198.76028322442716,44.27869284304146,115.20236752512722,374.65423867748757,0
238,74.02034480046922,187.56474620512455,50.28645177226508,121.08824224438823,502.2450412277661,0
180,66.52473266227045,181.00489241561445,55.3712361697233,98.093805579013,473.4378178219462,0
491,78.29138684585268,199.1302407885165,57.63093158680831,108.33859006529633,603.6515583504435,0
262,82.86974963849593,193.27429671419176,46.39680164084025,107.6393291504819,443.6317337668355,0
388,65.5536244175436,230.15013933950002,52.6441565090651,83.57060941940699,541.5272579113274,0
478,65.72592057550524,226.54793631015448,50.75435106638767,110.62193204569215,382.878382662273,0
360,64.47354226652995,184.48440758114603,49.410629677092025,132.44996681802027,727.3941038677201,0
330,79.63850318715362,189.33859844676232,51.78001314612513,100.44407869085273,476.04076753462914,0
140,79.73557447520125,201.10655161830329,51.08998705333069,70.78150122696685,500.87634848853673,0
127,83.85903321291099,220.95839633838145,52.707037844362944,86.2554693817198,665.4754358850541,1
234,80.08602949848836,200.85519704556577,57.20858380475026,64.41141102296746,441.3327225694791,0
300,53.67781920571481,190.2913904301793,53.9206379543235,125.8052225809213,666.7382342938616,0
427,72.80964320918198,199.11677285145913,51.55295629436351,115.2821059265619,458.8528825862039,0
367,59.41614597152948,190.5727270415593,59.32312528411539,89.97261456664363,567.1698183821259,0
132,64.87085625028584,209.03715814159224,55.54964797940168,71.63880156062127,442.73183598407013,0
147,71.70594203580863,189.36449432502943,49.53800780698326,83.3341008351502,364.39635548552656,0
161,78.35565398349904,192.3434592135955,43.91439798823547,87.23446068605705,541.4594350540616,0
315,61.091566575489225,217.42900720184144,45.06084659539767,102.18815198040117,563.9903400983533,0
392,46.752803385475985,188.4745257902889,54.66616224157817,101.5151868639676,368.41142576737616,0
198,71.80530841805431,178.30807951159755,46.84843760373509,126.82863950747405,469.2941681091288,0
271,96.43571583398551,201.42490627034456,44.95972261444026,86.14490284603914,620.0758961536907,1
459,67.97153780329847,194.59289893693105,46.209573366564,69.83624291292142,560.011895079661,0
313,70.46915434950259,207.6712325139493,46.5630784395465,76.86043049715416,460.47849982159494,0
134,87.82163618536079,204.76207902096635,54.25323833891125,99.53950291106997,440.24742983655443,0
326,75.90274619061788,199.52122258034956,49.21628962108862,85.42643866108419,694.8244325134776,0
200,72.16861036982938,199.08434861795007,43.13812699850297,94.15982908973949,355.3067930197142,0
230,74.42116665313473,188.96212326015748,50.15522448881178,90.91932839361112,494.08014255913974,0
356,72.50243932573649,201.25020606489863,51.11133066224121,119.80476907410366,353.5303126306056,0
104,58.602455718432935,213.21927172149154,47.60331569279574,88.26068625815356,631.4814644844281,0
317,56.58554842200303,185.39829887900785,55.7794254209635,92.4531584610438,499.28763877916634,1
354,88.86828112124238,199.919039354577,47.89530557153858,114.34567162317552,517.8174084769435,0
497,71.83883351905158,215.57583133601918,55.541688433185755,88.70036177935847,776.8892309627608,0
458,71.00095442579698,207.5813613982505,52.98391389837488,108.46424748914035,440.65273242636067,0
382,69.09772335943791,219.64209344526068,54.63302754022204,106.62970524043517,674.8575914058533,1
492,77.81073267616452,191.477865052485,44.507245795968025,102.83531717922159,460.92680855918115,0
306,95.38691101737487,172.538473274077,50.49155096119051,77.3120723458702,476.6487542415102,0
114,75.23952667107794,203.0097770593353,49.735859977126154,124.59548449043874,763.81752566206,0
445,64.11913173685447,205.43856222539728,42.889967375462334,144.41367593166228,483.89096227383266,0
141,68.66599142108456,220.52632931709013,55.525303649014546,100.1765627653479,362.5628595704752,1
479,80.70996467205255,217.82218602060476,45.91299551546325,79.0729025325925,528.1918788126312,0
278,64.17199398587002,208.05115434518692,46.95216085582008,100.58205416650046,482.72631748329957,0
162,78.52246489030269,211.4808532125565,44.93342082201137,119.79720281171998,536.709584173386,0
451,46.7926262602187,197.1226781269004,53.50593163035187,87.69624648568785,486.64022066722305,0
330,67.70120428553614,181.71328083021174,42.37035140613702,97.4220163176362,721.5544616204764,0
340,76.28140013480669,201.76581826071364,53.08937400232284,106.81308272824283,555.6735838835936,0
151,82.70125546575716,214.73860195441665,55.2225699312173,124.0609570441185,392.5035372274182,0
195,61.81525782957609,209.84541304742822,52.6858921381288,115.50847466178749,512.4546802023855,0
487,54.97234982369396,212.50711008739046,53.56314241923214,116.33735939064525,420.0370175832961,1
321,67.39264835108182,193.58366469429873,53.79773234789021,91.47462886647149,475.2286157497046,0
330,58.74580992253111,196.01679742972365,45.25287836637118,108.03837910347846,408.95592894331776,0
336,68.5096333327047,207.25138232171906,57.17367489832172,85.56073345749742,710.7118523206022,0
242,69.93346545368763,191.80238908236868,47.69961872933251,116.91052199770422,430.8615384821778,0
270,56.80854954798055,192.26424395100497,49.66806191205014,123.02439281571228,568.7564351994137,0
128,78.04439110110866,204.46973354566177,48.336813408245206,111.06727137545245,467.65205781233726,0
135,68.42786106635549,211.41357114735362,52.45771060438655,92.65178826410369,384.158682742721,0
112,80.8045986900535,197.00706990005887,47.30981378431289,95.92545743916804,519.7649302899507,0
259,51.55094759703906,182.5521580841954,50.33457862118684,136.1303242132402,540.0691837085707,0
426,59.828078294546096,188.96294127435755,43.82328091426997,92.98579110753008,555.8626532754514,0
286,75.16669308648123,203.05508127339647,55.82332604250786,120.99988334901136,237.77808454590576,1
342,62.008894291747346,202.87281445798948,53.353704729751016,106.77783196437044,376.5154286330909,0
185,68.35464341950303,203.61857206483023,48.53870119049115,93.31727103080314,595.7554719021884,0
383,70.00699117557174,207.81942935893633,47.65425484987095,73.10701945061149,407.6393037391208,0
165,71.58255980953368,200.08715837813676,53.223141231588485,104.23200761177014,520.2944050310111,1
269,63.22433787266293,203.97584067260468,46.46353309682019,101.82201733212244,374.19753047712146,0
144,71.49286563472478,199.324597657567,50.62682657882584,136.13069342918666,573.160110215844,0
161,62.1745629476552,217.2310022439416,55.80699393715703,82.79614609155004,593.1269595995574,0
233,76.74280468746775,221.48513046826253,45.943714404314036,145.8953718309557,573.1909906172367,0
383,68.85155980516977,182.1648307642995,51.843004145601014,107.57621058993186,603.2556812353597,0
127,71.55036623595518,196.1712208684662,51.57862633467746,107.55658442444316,656.3900144899533,0
207,95.69926839690334,200.4908673731106,49.513315906686586,88.1385573113554,382.5925868391025,0
143,58.928955453999784,195.99627931978517,47.481052079480314,106.29412615108937,421.1328068848637,1
439,83.88582269040288,226.8938388699631,56.073985284471924,109.46101856466426,589.7543570303794,0
385,43.40648642950627,203.35932917134602,47.01215682116517,118.74654583641754,613.021977183748,0
430,49.21623345081057,187.91942259424485,40.9398054943519,80.43355584816115,432.5657046428074,0
227,57.59359922312429,208.94663509341007,53.20266795815517,128.13561711576077,425.6113934674416,0
447,58.224716347250634,204.0646180826929,43.99348325116083,107.22831047543959,434.7786510069494,0
330,72.0370179813885,204.56289379330133,53.459405724275435,112.16457790614623,339.4905035956054,0
289,72.89842264168468,227.11814238198787,56.67451623921722,95.58115476990478,372.85888178259245,0
324,67.45178731627635,205.26177763632214,53.14874939199337,81.43714723441899,375.2707354969847,0
484,68.50122033237538,195.44507714189007,55.357056509437456,101.45449254806574,470.59015261943665,0
476,75.2776476093166,170.6708536053485,60.10024553464824,103.74591099646436,527.0836515833954,0
382,78.33223877620742,197.51901472784732,54.833802313044735,72.29143463771018,543.3472831642372,0
220,56.73460983890241,219.58954875990784,51.65286696312718,115.8657081033025,449.1437746724319,0
215,66.38109028766996,198.6324632066572,58.16974091761824,119.93049267793161,451.6012883719121,0
332,69.30410177086989,166.39925152220746,58.773877724232925,85.40670752357747,512.3661495151262,0
358,74.85315996560453,192.5245641171133,58.8438589162971,79.54829299455817,350.3985442850573,0
458,62.27332857726529,214.89032808369188,47.53928242401999,93.94077246251398,595.9440532083089,0
297,69.1077882440633,208.18725761843024,43.22990820750798,100.477901939726,628.5385279014271,0
236,70.29983634527157,187.40178655233896,47.23403908282557,94.71657980169331,437.441936231196,0
417,62.9552989654047,191.52072835401378,53.51820807896588,98.78164334458434,460.1563840651221,0
264,62.71684850052114,193.83937011346376,50.79579472666053,104.42955395351832,624.331222484517,0
324,70.98745777637335,190.05929342205604,48.96759507411576,72.63462122548742,487.6948409010101,0
406,68.69654854012792,169.55489198390626,52.80240699402468,74.9340874539347,558.8245445951629,0
333,75.00477519420632,211.45386650929782,42.64597459163366,45.554445181537105,490.7694606199226,0
271,59.46741279355004,218.8558993503364,50.705846493457706,118.85090456906943,655.6307388480275,1
251,66.49318472121213,177.22326584052888,55.59228822423938,100.30454041234898,549.0079628251495,0
414,67.70783948446407,218.6577939887947,52.74657822279114,120.95702262930314,554.7655771919192,0
473,78.13863908123605,198.45465197904176,53.459049109168646,77.24524008377216,556.6306538733587,0
259,60.59586225432098,218.3769852225181,57.98686394976257,100.48814679066324,444.4886263672288,0
195,72.34652005155087,200.56925654435668,49.66928357563167,104.29653012233203,453.67608630774646,0
332,72.52755507537887,202.03316888237944,46.73454169324832,88.76435010339969,576.9245639559975,0
279,86.46397242679973,205.58651970473318,55.94757521332521,68.93144403066415,512.6412829433617,0
212,59.92910635693739,188.14900512297083,55.85560315516963,134.91742672270314,382.2388992188227,0
417,63.42766681882506,217.9201121649203,52.79145837377899,127.98566682540101,687.310442462478,1
151,60.62644317776679,183.17929042887823,49.19814499708776,92.3613545654927,597.80718672971,0
367,53.302208279316,193.96899883224995,50.00689825503993,110.20455290339216,503.7626323845019,0
394,87.64686934262718,207.86397016464753,43.616135239344565,90.30418647286214,472.6499018200035,0
485,57.584987690508775,192.36207139271804,55.56473265103601,80.09192793950504,519.8675857530083,0
486,61.83694590945154,211.66296861222415,55.38825654764572,136.54523009914027,551.7520099157427,0
212,83.1576650828216,220.63799259775934,43.44158624766608,66.89262237188396,296.69992643299526,0
200,52.46892953061784,215.18819001580755,54.33816041953068,94.2899260605777,711.2349709485754,0
212,77.5635156928738,170.95827029482066,52.020508275045046,101.68647654484468,421.011569083308,0
180,55.869756546582224,201.88770454429036,44.89012944804602,133.02473157374573,499.8094367011243,0
286,82.46694736529587,215.43023916044586,43.96999899463765,117.93177308472036,503.4866882779146,0
212,48.30122312959141,180.24876729766913,51.86746634700861,66.55500450865362,699.6850218688851,0
101,52.465305837493375,210.8541588084331,48.011479430465414,99.94499517931635,491.1876158993305,0
229,64.55077765041091,210.01191172458968,59.09974425274835,100.42120396728718,658.850729435363,1
319,79.71822690172735,181.81865162092603,54.76299197324453,95.43323329401116,540.6727469461114,1
153,69.69041749363427,212.5134899861024,52.368465683661135,112.39618215060602,403.81151377940506,0
442,66.6428492711343,204.09046690294903,52.615395020011974,71.81786144488046,513.4707468102805,0
323,83.46044207464718,209.75572683081901,56.654335901835836,91.8272817492666,488.14912782850877,0
324,91.55239538433074,185.505314213523,54.232590458636686,109.5763749642615,391.5929515095771,0
484,76.72257284413772,202.25204174557078,52.498832192480116,113.59151370321283,535.7722769472242,1
225,63.771454968987165,174.42682168801514,45.09869411851245,102.98838947018393,502.2102749849856,0
229,65.81856965990728,165.84513188700424,65.3097348270311,94.23215599399401,555.642170545854,0
152,57.11552620242675,202.11242639791624,44.48408621345884,97.60117452747055,519.3352779598315,0
271,71.00817422254052,216.50896410141965,48.437286314499175,114.80814244754474,434.88971029859295,0
317,53.70407014023672,203.79405221397622,41.72635861795001,100.6780156825092,576.8333992290314,0
259,75.518636553095,199.0483090408378,52.69399079384631,79.16304909118942,437.5601719746421,0
297,90.05574045639953,197.1869881991769,50.75555218642404,75.33004832110194,190.03294772167288,0
346,77.1759157979305,185.86151912835402,53.8263821918238,70.20725157127782,512.8652947954217,0
423,65.30852279805066,196.6720864430704,41.30467184447783,129.11161636978707,444.59262727660104,0
302,75.2693741263179,206.32526702396666,55.56452833690466,116.1492367122489,538.2130504396634,0
283,86.20533445165877,193.47166650799056,45.96282299265193,97.87024233638905,699.8871735939714,0
222,85.70494635261139,211.25880280753665,49.25497400318067,90.92415029671832,702.7739693148058,0
354,59.96242108436629,202.93962550796903,54.65785634340532,88.52139984065285,483.487707777816,0
393,75.10296389582324,204.7546912666011,51.3063334206595,121.8647421516442,417.34848287539444,1
379,68.41898509929801,213.3299413032644,51.65971278333432,138.0886701634948,558.4683281917922,1
424,78.06593247913686,192.09866851017514,53.99589409952699,87.89214152144922,462.9774408133645,1
471,73.83613953816771,209.89070879280428,52.14395319969362,122.7683104131142,539.1776522346943,0
197,46.302785905155524,194.20284924122038,48.294460487256416,100.56025830717779,433.91392377731455,0
297,66.5198691370316,205.0927172572826,49.16765435882385,95.75142140179067,525.0692416022753,0
494,71.98558362896291,190.31342974045148,51.059393393259114,130.08428565659847,418.8025847706524,0
339,55.65635032841154,186.33944265402903,45.52221953226832,99.79668558514446,618.4253416031466,1
243,75.81022009865985,201.37797118472741,54.98004329694335,105.92728878509271,441.00223092473874,0
196,54.7598475827297,171.72199921968325,51.44326965403742,104.96547865822892,566.110253573497,0
300,62.01560952582946,195.55598834736676,50.373881339609845,67.48801266681096,373.5232716814481,1
223,83.41311919700135,175.90434491586228,55.96248279515736,105.76822297432123,578.1173856610691,0
286,61.162222111357316,211.68851051470412,49.39943178394315,88.74615951119534,403.36159307317996,0
425,75.73966959201675,215.7516589416337,49.087895014237915,71.57693719708757,526.117680697451,0
448,52.464262820913135,187.0407316786879,47.576856179980176,89.65725839102475,602.3200973347987,0
358,90.81314656765142,206.42469443710243,51.715335044629676,89.49222260726108,480.0017101443221,0
247,66.95446361512742,213.48703570531237,51.54225054165757,120.59765078260662,397.0833089254067,0
351,70.95320806947718,213.53703833752675,46.66857899745047,78.72420767795937,549.6812507135921,0
445,71.79036796548965,203.2167625095746,49.111530114433,84.20305121901491,415.90186010134516,0
246,76.07566864331359,211.01457013342247,46.70198865740384,104.70776521096025,459.57544008027713,0
247,54.80820017013823,190.26003032119408,46.47565773092255,73.48412457291505,526.5462659495727,0
451,69.94663529163337,201.2468369848502,41.35051084136576,86.81986483535333,636.0676036107706,0
298,63.41231174218643,192.99344889813835,48.84544873159222,66.71046529333556,502.6553353799469,0
407,53.1044277392173,188.99318039321955,41.488933669599945,118.40022920010793,502.28575098451233,1
227,79.8712220012871,200.54095087204442,47.68592156830245,93.97273759119628,573.7512893622851,0
138,66.4782701640041,205.21295564237113,46.936526770611955,99.68164309995515,505.0371896672997,0
437,72.4252042561252,217.4526315193248,55.25947528632802,118.3202063958218,563.5530199832898,0
459,71.7984541872806,203.97733290948332,44.925325968451794,85.55462232692227,607.8533546062947,0
228,66.65147727623886,209.62895802442327,46.194068075927625,93.76025982703992,467.22628497320005,0
366,89.75027353630782,209.79924759874308,48.09237930404214,78.87344001388517,172.49893660865445,0
250,69.52735347370991,240.3130154854544,47.09928174248612,78.82992558008375,418.20729064145337,0
397,54.42047682323332,172.8495139509113,56.84627398710938,81.58834211988243,620.8682010835303,0
198,65.99618639816683,189.68099199744233,44.3071631347519,90.1501921833267,496.6235218602346,0
362,74.9973762011211,222.1108407873212,48.10297750507079,92.3040893165387,466.0869729072101,1
351,75.32595109370551,194.7198038771979,51.660326245822034,105.7726430179676,616.6784993203207,0
243,59.12219064738238,213.28704706402578,54.40591671521003,82.17566103916201,489.86750837701044,1
445,79.2948250734477,203.45014285644254,48.09879222034898,106.39265351834953,290.7466794250844,0
211,52.3713307112896,231.57803601812014,40.40950199748104,109.70002583046455,349.46979389916567,0
159,81.44135202616418,183.30418359404433,49.249478892072474,90.64355634335467,541.8648020816905,0
468,56.806521108625944,218.3270082877822,56.760142380903574,83.90550855163238,493.31090584052737,0
101,67.73754780991324,226.2437195790875,51.41093703715214,101.7015806395998,645.4656478829222,0
484,80.645686780267,184.78371684248,51.182089311799665,95.9416507397911,426.6731316195823,0
403,71.1960566888707,211.7430536537202,44.684910042115014,104.4070365854709,469.04992379962056,0
353,78.1669851771357,185.51753021256417,44.17164204855668,131.39732872519934,411.549692693998,0
239,76.18661959709932,200.45242358802687,50.090208243170494,101.37274096855431,447.94058223195475,0
136,82.86268613404602,196.1511810472674,42.86810538859296,87.21538877439735,310.8096098746376,0
259,80.62209850913712,163.9586909765047,53.90681111181255,82.18220776115882,461.4315335949468,0
108,65.46255691463558,206.3635138956785,45.76676875566819,82.95596737356833,494.8131136230098,0
332,76.32941633793465,202.15008751409346,49.87671359634253,70.74467385777758,486.3669157534316,0
198,54.73448138302253,222.1861846010864,40.571165406228786,118.65487216691157,714.955326373281,0
246,69.42095092662215,209.16715481974313,48.03099065778247,55.33442361288471,683.3484577176981,0
403,78.1848473463854,234.36325886118144,44.070697264348986,109.76209635438612,424.9100529038915,0
307,71.33847654246,201.6056357311807,38.39021791329095,82.63872186649539,295.60633053474044,0
230,74.46639731517085,198.41704921996538,52.70921044668159,89.75189570751765,490.07996470684435,1
251,67.86727624034208,197.23465023924356,58.20579769545787,82.04024716911223,537.651013817062,0
153,81.29069437535142,193.40616933452338,55.64736794671973,128.91729319284062,413.95159266171646,0
219,69.19584226291008,166.88373625426146,53.40845344951902,100.32631203371554,418.9024366074277,0
260,65.34549817595946,196.69708059488065,47.929394160272274,115.80757050085705,658.2554969312532,0
215,78.86517412569054,168.9821791034601,54.029451142739134,126.01053717192012,474.2448428854696,0
174,55.9484007763554,206.78050016878655,56.11926599286864,103.26810948044808,566.2250185695739,0
212,75.01033343517345,181.39909561294124,50.68410914835647,76.08752458289575,406.9694302145555,0
203,59.57515125772861,186.5850106536737,44.078199138439885,95.58714499768456,494.3059541275207,0
439,82.77926829238166,189.95884707751173,47.50307850704314,85.15503972867594,466.3661646365487,0
353,67.38972746753204,196.92597443280133,58.51348244173968,89.92991676225402,432.4626761196712,0
326,71.34984720819689,200.10302382408557,49.626279159249165,98.10752414701422,615.5300411521692,0
211,74.12570396644122,216.26719374609607,33.37622140044452,97.31688715815471,361.1122990366986,0
198,50.70315403685842,191.33704859738668,42.65538268164903,108.24218322040574,530.005682551129,0
252,63.494151584431435,207.20219204333554,47.877756484287595,111.14608587560974,464.4878344509501,0
448,80.43545909286553,240.9630084983535,55.17912619208784,97.31709647467085,541.4824482035874,0
483,78.67765024170889,205.66026054144845,48.63438823796544,108.06937836215835,465.8423367781643,0
465,72.83032205395216,197.2926531660255,55.2721582748663,89.01280290129117,586.7193061918939,1
437,56.50536428574476,188.31272522107554,47.36918823226255,126.29559651193007,406.0297401747848,0
293,75.8550346085858,197.08502681869507,40.17853738882194,88.68977423564708,615.7553191675312,0
409,77.13399590205445,186.70669484585892,47.54219420700958,123.94372969244856,497.11973053255787,0
262,70.47017213123745,204.0299214002566,51.72472500773142,70.47865816456556,367.14974709848764,0
307,82.23170950591458,201.5531620795909,51.30975174670657,92.39185485178308,568.0215455902824,0
268,63.16568209869877,167.5667116862331,43.724461253716825,93.38043652772788,480.1150256482349,0
260,64.90142422500026,199.721629913509,48.244018990981175,105.57983589496948,329.21620738604554,1
167,45.15388420914185,216.1421946896002,63.42337119032037,117.23633606437647,533.246808375887,0
388,79.19827510147664,194.01332221695876,43.83365586851561,75.01209593880944,600.65957152777,0
497,73.13861963470134,190.20654841382657,53.30361697231874,77.84033915914185,628.2135740360131,0
376,53.18179674866771,179.3344884032472,39.51662150715102,71.96183864567524,462.16481174002337,0
403,52.414010000058525,172.13011937563394,54.31895912284831,126.40368394396835,514.5318055325738,0
483,61.27369372628989,212.47023900594883,45.53837304905777,105.95209885594245,505.05363427929115,0
491,77.93657941980354,197.27782505631205,52.0104412910147,78.31257583085754,648.9802631571354,0
234,66.99639511911371,211.58032343005135,43.542371991158994,91.13810252087859,418.9511417626683,0
294,61.95213083339675,222.96985616869205,51.45426400088353,123.6352279132299,453.53405477954584,0
227,59.938841069165036,213.8187152736552,45.45674852129281,94.43761539377523,416.52796905501935,1
132,59.49088042171813,191.86441517841806,46.424759085166876,93.25623724417655,355.0849476887113,0
275,50.6632169889244,202.17301496986332,52.209930031975155,84.37406586353883,524.7787181052082,0
470,57.926041683536255,190.77840702264623,47.84807261801492,79.50015372362475,660.1298331777588,0
474,59.29421920322832,189.37567306097506,51.90190724108156,123.66647620886313,480.1515541484939,0
121,76.82623236457147,205.14222743603935,49.04579340678325,133.4780317748412,411.8103378456866,1
337,68.34276946853385,187.5155917532274,50.337468406236376,80.29611194425304,518.6859702232068,0
257,61.74415156982539,166.86272571366948,52.22543235676701,128.0988465843624,558.9118178772655,0
137,93.09722755406187,186.67778156408934,48.249907727044295,90.2522116741979,484.36368625634276,0
329,63.36103086453334,195.3967827696894,45.01975106999113,110.67295990737775,640.3535331954178,0
464,81.67102914383636,222.82097746747883,47.33843867035105,128.20427609628817,418.7638105712478,1
150,86.21108557787716,192.63593825192953,55.97569589916718,97.09846808592735,471.3030363487637,0
363,54.30039662342657,207.67886136543913,50.58086542038275,93.44116159465281,529.5987904842962,0
382,70.73962964073569,197.47537649056895,45.77550773294763,116.02161927576371,539.2963752617827,0
126,64.82466349091776,218.39607715805576,52.007803041938594,77.80094325927502,504.72280922981605,1
325,64.01075603440664,217.3564457819594,52.34157792469569,122.9412275568086,372.1580077642852,0
376,75.55376816806908,217.6426265785988,52.59999537898905,102.85618784885166,733.8011404206329,0
385,63.77129503576716,173.9902470587397,45.11081399814357,88.44498983691646,476.40300849539,0
196,65.0403095367353,203.10086070867493,46.58804502857053,87.91664793368291,511.0267518584657,0
383,68.31885104374706,211.3840790018292,46.61585391806494,72.33074976343268,561.676109317298,0
466,66.26600731623431,205.72307843883996,48.19676043966904,89.27655666752021,436.34946373504704,0
416,58.26429792987875,209.54894488732745,52.69459592571867,94.71924476011198,505.6926420870776,0
403,77.95906504847474,200.87526506428216,51.48092402365507,78.77412936577036,432.28097623467056,0
246,80.48530938507601,188.82823689910208,51.876084785785814,99.09070047741992,541.555074147423,0
103,73.43618589535217,174.54353922520622,56.770095711857614,109.45834169050991,472.39773514444306,0
134,66.23447348977734,190.31645857027286,53.44445466245815,95.73055728001162,526.8718527304668,0
291,62.947892636702186,240.1716481045759,49.290991875019564,113.25451653038533,395.34626535143985,0
148,62.963799370735536,192.71523235863992,44.080574119737506,83.85720034041327,417.1083565993794,1
116,93.57376365032708,170.60914660863884,46.42726495764565,120.0676552843988,363.4859323143198,0
271,79.37838301566644,210.98974041093624,48.691474661608865,102.43629411549716,428.94699206737926,0
319,61.598899214166615,212.83190013023966,54.14564913668057,130.90514339509485,242.647575630186,0
257,71.6469782743714,219.30986585228212,49.86334032946953,148.28434624477467,469.2899794312173,0
145,66.37464974900638,207.06467755560172,46.719020225557784,90.59512815393438,446.5759728037074,0
472,75.8380037615629,212.68402271700427,46.33553557136387,91.41872246197084,515.091096362507,0
105,75.43499102789342,227.60325702262986,49.65210895539387,95.07515756102565,504.46077244342894,0
198,80.83609653905471,188.81789761906828,54.4499378110855,111.9140450035103,625.707976848107,1
479,61.49443541337804,185.84223941864423,57.955096528875586,126.5193994095018,759.431018477411,0
332,71.0473529863813,183.58120190670607,48.97115700985166,86.94383031660394,613.7539013150634,0
136,52.51453015042473,196.01345620259025,49.77628409618701,107.62488532956145,454.6892410624912,0
379,57.426596995711556,221.50133629737752,43.93029146921309,97.28145420288466,450.660925029011,0
448,78.84100836559179,207.92102551619354,59.695962845497334,112.36218205081177,586.8663042355715,0
401,60.49316208594673,207.33037929063826,42.99498580921958,130.1891538681538,331.66553054271674,0
280,61.590912019521454,172.71038107002914,55.858311558902756,95.19343525133971,468.4797073836521,0
194,69.9172192544995,189.60219759145372,48.17332023493765,66.60264666652539,476.1847064956142,0
198,76.9476103084654,172.46513550706945,47.00316753079841,114.87803353760586,558.4131484818812,1
287,59.39173204165904,217.56868683982316,44.44998214057037,83.34589562789095,561.386634614078,0
215,35.19191171239916,223.784697393286,62.05024324703567,97.13768526072444,425.5439459606971,0
290,61.29776757856489,211.69350090860573,51.107458116391975,115.74061673743228,458.5627338294816,0
352,82.05628077952838,185.19820931390683,50.10640218552032,105.94789707062216,544.5104254832706,0
260,73.43135051016874,222.23033740423685,54.433661797772714,97.9655994889391,420.1079344081235,0
355,83.23874803787213,196.20117634962185,46.74583637185018,88.48236575083358,620.6118434774284,0
422,58.681838578673045,181.78311078871008,50.00922977615503,42.00212439450002,560.9175233440241,1
227,53.60603732335944,185.5339361808246,50.2816814340606,113.96641631512404,517.1509548194844,1
117,74.6254855264754,193.54765046612243,47.43927133825933,94.94096601548472,539.094059828092,0
380,72.40022737685047,200.7436778072706,55.99819039592957,130.26672556711452,453.31093830592,0
322,73.05554320377259,197.57983682522308,48.906727942520476,107.9605605992374,437.3708577812381,0
153,79.32996642650568,178.8099737274346,42.23433973315585,89.17749254930314,457.5277783861279,0
157,74.2168492391226,218.19974613778464,48.49251318239563,121.3374017675208,549.996669225985,0
422,74.05617593140379,197.74091120844736,51.24589335856949,123.0225881191638,520.1014980708653,0
459,77.1500701380114,189.29369215594025,45.53253383056196,95.61936371295045,457.728554030729,0
273,75.02416632187027,216.65453542974146,45.92702603414781,123.87289731146456,574.9581743307656,0
379,78.57445931717406,182.24890717600204,47.268704809369794,88.89383889227906,482.6053577663846,0
213,80.08520824778581,175.56664724638227,56.106178300334804,103.19295538815805,430.66892544108316,0
387,85.31688801240915,219.0873116989811,47.56420988677147,111.42816775437561,525.4341509298521,0
441,63.50808675096321,228.3708177432551,57.145585092755155,115.69563168028378,398.69704883771624,1
250,74.80562107410748,193.06855972022902,46.92524780925832,112.4304369723178,331.27762500642984,0
226,66.29676631402704,199.31044988124282,51.62507068128271,93.34685638873655,499.4895424434736,0
254,61.66441012720733,182.80002928218644,47.768786628901246,121.87395281382882,434.2586206289117,0
485,63.104596789196336,200.0823882536509,53.77041585145236,97.51145353787163,474.58456473301504,0
372,74.94955517561526,192.86442104403204,44.408629227173606,88.61945275449614,403.32670818555505,0
203,74.18252554786001,198.468073399475,53.714297397886156,88.91324065373338,620.893213970257,0
492,74.00412029238437,206.13887581395863,50.56934700154842,138.7997678295267,433.8507256071862,0
398,67.74286352430667,183.5278178295373,46.800040916112756,85.16033143816111,456.800062182919,0
345,70.0341475117841,194.5728299115115,49.168892576449245,125.83270453520893,537.7883267583235,0
275,78.1775269587605,172.9432786733273,57.66927470516087,77.29066608379661,362.3385701677317,0
138,55.106069403506936,194.67519073830067,50.68922252440392,109.75810890148372,354.94502267512956,0
269,70.24642098428585,198.59848893624502,46.486359920436804,105.9416690298167,538.0952835693413,0
346,70.8995614812679,203.43473637591617,43.976533585859436,132.42453759452457,455.5052369537831,1
125,77.5330426907765,203.59364810544812,52.52702136715499,86.91196209662971,409.8504893105844,0
454,56.49751588057175,213.55884126105283,50.979226235053424,81.38671564079226,560.337317294732,0
405,84.95133745517411,176.9050022109002,53.47510347544112,97.66979243306035,418.8078340892007,0
112,72.1363042442851,177.70584455074558,42.68887630155079,133.29603658480903,472.5487700451076,0
415,72.66580546694937,207.9343690458878,44.1386977355425,82.31683040112463,410.3869532027487,1
490,65.98620242667774,169.41558084491876,55.734395996259494,48.231667355916,530.3437186249824,0
412,75.38022354796844,202.7495031815749,51.6567082338967,101.19535674746565,633.2076192716775,0
135,70.47954050283106,182.2956059061516,52.66700425618781,118.99045835922018,313.89600706678857,0
272,82.08981944106466,223.59221961375772,45.18656483946023,79.72388134720273,511.26576887506457,0
119,55.58505751936384,203.75678611591667,45.09506400835541,116.95864346706529,585.658844188635,0
420,71.75545829890508,196.7126597043041,54.956293290960446,79.28178029975086,457.85222526942266,0
363,74.08512348377427,218.41581315708768,55.19188827382575,97.06882928616642,386.8957625704115,0
499,68.13627605636908,184.04896990143573,44.55840256485473,115.05364630572114,542.0963527127403,0
241,65.95334176692954,186.89885548868287,43.603147520735774,76.25069196523123,600.16535033771,0
470,66.37042721031293,181.07817749517335,49.45703514643778,103.63026663015108,589.0522177645469,0
242,71.74639269367827,187.0244116047651,46.003257733119966,124.29947022584474,536.5909337914827,0
191,51.90041099019294,200.9167341405108,45.899115604769875,109.47868198422702,509.7913737608642,0
453,79.6501496106323,207.40927807990582,43.743108767863035,85.58747884818465,410.0987444615699,0
421,65.1986813230415,214.42132528051314,47.657830758598166,130.3743670543359,586.5244950343942,0
387,71.27802697366782,172.62913929648892,44.22652628683567,113.1678502384498,580.9956813352508,0
314,73.67102266788068,197.42205520305063,44.52299548495382,62.79104000151386,386.1941681344733,0
441,64.74194612687043,183.37753203213796,51.49195923283152,117.28487229468453,536.4479727846491,0
150,68.68961593001004,196.92069362767847,49.724008828563115,88.57251495165445,565.2823875519786,0
252,49.64759759374496,235.0124537019056,52.42439340766066,103.93127095284929,588.2113772075506,0
285,77.32123607333072,204.37792643000023,41.754832823253466,120.16008008586519,492.50103808727795,1
162,80.80069000322165,213.49197456722368,50.049403049148815,89.00790830670333,414.2432425853856,0
289,52.99006448061246,229.4103690824157,60.37818771082919,67.08814771916371,449.7883820135955,0
224,65.93507123303738,216.91037364762138,48.138637578572,130.11090383811657,399.27501415440383,0
249,57.701306217591856,193.28128280469522,54.12374503286149,123.29166942403896,494.8939334885018,0
413,68.22259678512594,180.86251870145094,54.08003424387212,98.25487973634108,475.31146034313093,0
157,76.4863633472096,199.54783595718723,54.32599304000638,117.0684290298423,714.5036420768707,0
441,79.87308899256625,191.48441323671972,50.83330843528661,92.6122653587263,589.4677142438131,0
404,81.21853189426848,177.13218070071238,52.83042991372107,101.939403535217,596.9548066889097,0
279,83.10543824692213,203.61387495934204,53.495068100065026,97.1142411472652,547.1352490827729,0
269,67.77587221544434,203.98829447089,53.17723014157179,93.42111829285396,463.2682353331482,0
425,58.530413712665606,226.5367505039493,44.41290913243302,107.18605160171509,472.4610041181926,0
370,68.85409699692032,194.5735539674478,41.46307758728007,75.83642352708824,481.61307001833796,0
153,76.33267502303576,204.20182083454173,42.232082282925965,94.96838338468842,518.8233272701134,0
200,57.72740219079142,190.01771877964677,48.64920003808668,106.2895894496681,538.9169810223448,0
363,86.60136953448242,213.097541460402,52.96963367211322,136.7620141592327,500.07086276805217,0
152,78.97888538760341,198.13073305714806,44.477943612442076,76.64931569374608,470.94015226568666,0
159,67.93432831568671,182.41112586720885,54.61985229292202,110.41106115464855,440.5884369512015,0
207,62.89128069588759,199.79792267502262,47.48862412746057,112.60297552855722,360.73512422167465,0
104,63.30878918887357,205.857843463475,47.53622394402961,62.465625386345266,628.3379165046651,0
202,70.74206213800156,203.82910081120343,45.819465020601996,108.21064028818503,720.5529568265414,0
295,67.70597397269648,215.68845073243804,40.57606820491863,117.60570157967561,619.9336780928251,0
361,79.50502755282625,178.27915441938967,51.14657064217324,111.77305358764869,374.0934374069254,0
464,66.57024171697371,187.3588611497759,58.56333856419285,98.32145490254649,578.7016569640891,0
471,75.05501810611491,209.59680997693306,49.68667738233718,106.66480073044858,602.3776301620817,0
449,69.7107511582513,189.12096533058394,40.74684179152574,103.3968939449806,459.6562301378642,0
146,72.6966935739707,203.6070687399531,53.901714058082234,66.2108532336961,548.8927239639029,0
454,67.69943564403617,163.70382128882358,41.87601004948505,103.86640649508932,454.36969674773803,0
410,77.07715541249621,240.73919858469324,43.954828015054076,92.65859188036656,652.892899481374,0
407,77.22540080290077,195.95422202663997,48.80830913843214,85.90355658004034,536.5370922215313,0
243,74.59929025822144,217.90934389982417,50.61421719270099,149.69939907173307,408.28445086289514,0
368,76.07514327149505,194.94653261624762,44.95667999416586,125.05231439239114,566.9808098009338,0
469,60.556312224569474,206.2204779309633,48.613419717170096,76.99655879371224,605.8780673490247,0
223,73.2324576290898,222.3787946951791,53.57581200380342,106.93272393131679,519.8131651135875,0
205,82.49201767487534,217.48709028812578,54.26089442404009,129.1605055112865,547.9441691743268,0
257,74.91404567019498,196.93317530472163,56.257282109071326,70.07601691847997,493.0246570771202,0
246,59.69282497198477,197.97118511909463,59.54709326146747,101.53966282814308,386.5719546853766,0
244,69.50233490350915,215.05349840274928,54.04944660830559,102.48145451438987,484.82662415794925,0
219,73.74977938339708,234.99866606427952,48.9163174279788,74.51014235001955,552.3039632963558,0
418,62.42600483101691,202.88424011598562,54.29656895561486,107.5910060922446,487.1973132016762,0
374,56.41728803276647,229.35595460812462,52.33358117002591,122.32492781036251,580.0765426739591,0
191,66.83902131563472,196.3787838436969,52.53183488763127,130.16095182838308,460.7818438802416,0
157,62.59167592032298,214.27940545264704,50.88609392535843,95.01271796748108,467.34091725491726,0
445,69.85710968610032,216.5173364337093,45.439729489230466,150.03290070270225,583.1119997993904,0
328,54.08595352503711,193.8505924422084,44.85951796089035,58.8406649320649,522.1852516803045,0
216,75.64701062536156,188.79382881047536,49.51440899462429,107.12433419628924,458.82784188444083,0
417,63.65394964706643,217.1808378282103,50.74455037923186,71.75411360140289,603.3805376008625,0
378,79.95752236681356,192.02664594135416,46.60279538534144,101.803652749938,431.1264282049472,0
226,67.23101160203622,186.58475130986895,52.116709743042875,89.56186499789942,427.30510409826513,1
492,69.74610953615513,189.74060747301354,60.40382952019595,110.13754912781123,217.05511889359258,0
495,68.26965121303083,191.96579992361882,41.27834640360871,97.46238571795611,444.60314514225524,0
228,63.11840309899728,212.84925656938518,52.9112223878188,83.48031643946968,630.8716678922283,0
157,94.7227946227266,207.72564009914282,49.67012689554595,84.7941810487204,292.77073138275614,0
221,65.04133821992716,210.73487367136838,52.25327777667327,138.64918994899105,404.80798597707826,0
100,80.2352152246566,206.32069716647123,47.846426497698545,108.8704747692483,543.906855589017,0
338,59.06371053936605,191.0923975663004,49.269700574764165,65.95742586923224,275.51332261072724,1
389,73.72131391093161,210.45654283862407,50.64750225504049,111.01575470233527,448.93013864902355,0
195,74.78872163931835,217.73680739907957,48.4918305823237,96.10646675284005,614.0863215610747,0
225,69.75823022901871,208.76754824178963,42.39729341315051,100.09202174194277,704.3025801848989,0
217,64.28995280360427,206.74483859938775,48.83042484677773,116.39776307963594,529.0246565667032,0
147,67.36678097386036,188.49418240143984,42.91783185901903,123.66454347425692,407.3532981758883,0
188,65.9671049802688,203.17725618461716,53.26596555290155,82.82374544158623,403.98712613517176,0
336,94.02026281835455,187.69638005826948,40.67227449460939,99.40516691689233,514.4907969330905,0
472,69.7739691055518,199.63958212879095,55.14327189727945,89.07777994522861,528.0963321165099,0
484,75.2488877866395,175.39600041162026,52.1478150010174,111.93724362148525,685.7928760058248,0
371,87.81625090425368,175.5116239551186,52.166943078669476,95.35391012527661,597.0804852537203,0
288,61.236813320258186,197.13428465079454,39.1784506607608,100.58502959403751,508.4106487888491,0
291,70.37660233167938,191.77340492259515,48.357002809542216,94.59446477979671,466.47927467405816,0
168,67.30813868318612,201.6018079021126,55.7678171432993,97.87760968861336,801.471170930221,0
377,69.13861554516636,197.97847131327322,47.40696010484853,134.09302011856272,562.6594799995895,0
448,68.20988032882515,200.45286180815233,44.60968925018143,147.8153232953545,433.12482864224546,0
346,62.68122914369783,209.1291116353511,46.81664952497144,107.54184187484952,477.53770764085226,0
175,71.95410284996633,193.05096566508752,49.65861188680331,98.00060440366194,412.25452599969,0
253,59.37367222583899,196.70834282532707,45.743147748435945,68.08726478220635,259.545047414961,0
243,79.88882737309018,221.82531834144746,56.16908616044647,84.79163600377252,531.2650991207323,0
185,76.23309806654603,200.0462619023754,49.67666235004804,97.46527928428188,678.2454216557314,0
284,65.06537183635984,197.31184288061917,47.222153260260356,85.69873558725148,336.9442797752696,0
384,65.5501667862614,201.23769048984784,43.493282365822104,87.80198474256156,505.5262595879018,0
319,72.75510562348254,197.57953440485704,52.42223302639469,131.5077894811233,429.3095220862403,0
168,62.01454684393818,189.35641560570164,52.30833147355682,100.57581627476964,552.1502525569853,0
146,88.11980124134871,185.02955244230418,46.03895546907654,102.36423982803873,482.7669843275434,1
193,73.57925728691768,188.54852989774992,38.818354858429274,86.51618879323547,363.9945345582399,0
337,73.93263151383678,213.0937878015618,52.05381094787942,123.55089449539172,401.8896286050265,0
303,76.81445080357285,190.5514211792238,49.06598304369499,95.74842744022864,416.9699468015792,0
499,64.2053672592993,197.67613097245587,51.68035583962835,89.58272669698287,634.4318207987208,0
317,80.89009981784774,210.51104427699346,59.785872668198195,68.38498365381116,629.325927693015,0
440,71.14533366215464,195.82413243783532,49.8658407814547,98.77796172497268,468.8652112887302,0
138,79.50145470998832,209.50041972265478,47.43080691578614,88.95883996445197,622.7803433451346,0
199,68.0204687343167,176.888104363537,44.2633901617583,133.691594920338,482.68161606038257,0
388,83.17278226731186,198.01224980687155,48.437891042524754,136.877973840039,467.33372415498127,0
353,74.0134362702479,201.18344144897762,50.80288674807821,75.2943901046745,505.7117840551175,0
321,91.82507024177087,200.34708084647252,50.2665371029938,77.55693524238005,528.4825278623637,0
456,66.3047838317777,175.20621953241675,58.61732670033551,94.47360729747105,444.4555207134998,0
122,72.04549396090745,218.04668969646207,52.49542782732971,83.67924209211456,502.1865742182223,0
349,59.68423753129842,187.17990582542876,49.32599564246395,104.34833151373427,578.7322505646523,0
109,64.7070176245378,205.025556878937,46.46719710583264,93.46753021828866,512.9539639206047,0
345,76.18686547847906,200.11946423970997,51.3333638189166,105.61064681110517,504.278290212432,0
424,81.293244375395,215.05564285716017,45.464959208086704,120.32187043293933,549.4180214280796,0
199,99.65010351720721,232.8123324406131,50.89915539768953,78.71556979328986,566.670606085861,1
389,69.0337109337678,180.64453273185745,52.437069634524214,119.90422444954797,493.73841813870774,0
279,60.66786592354402,190.26629178091252,48.917738886142764,85.42695171359647,452.5818942921851,0
322,77.53325760377241,202.8363874075858,46.84856777967429,142.96965698297552,518.9203303474235,0
493,58.72172779498694,183.41970023670814,39.073515763325474,132.41951932498776,340.6036270176701,1
349,75.64277388026736,211.7327391193364,55.71918363210195,97.7383932822753,478.9678004496145,0
246,64.97744283805876,212.65058933235588,52.01650195122641,80.72833110939916,252.84400916857393,1
195,72.11594970380393,208.39173613992557,52.138086407923915,76.90268040650834,332.42082165635,0
356,80.91046102164667,203.54872626314295,42.1932383211135,117.4725700414906,317.3814150583289,0
424,68.89266570919304,220.5456316695467,56.899193498700285,99.39194466939003,604.7351742453051,0
103,79.32879084328621,182.66561777496707,47.6739156669096,118.53733771503917,501.3981815969325,0
115,78.73158548619149,200.9790229301383,48.55602348650257,144.0845793859128,373.7950976783666,0
379,51.35668471690906,188.91795696904668,44.653565722905874,84.59234122567753,549.1066043445356,0
435,60.98399253964428,213.34874498847753,41.06527134330076,75.39723512483825,598.8654479366519,0
346,54.38193138604528,172.49988253240352,55.78673155861783,103.85120469065252,550.8485556147374,0
357,90.01737102530136,199.5787420161053,56.43298684698812,122.89519222904595,481.1289871507414,0
483,68.94608074562673,205.02858030604924,49.172359243233366,81.19079420428486,523.2486618419367,0
259,87.80829212966643,185.78761797539337,46.60307715096825,100.69249477518493,590.1496533142732,0
439,53.670477194580165,190.60714951667651,48.11477915432871,127.40087322341981,453.0754162337344,0
251,64.27231575451474,200.2306847205816,48.251925049822255,67.34244323019254,502.98669232578254,0
495,78.00498241765973,214.32644569162215,44.000701389102005,104.70635922878199,474.2806955393569,0
277,71.79274604426683,184.50696157119418,48.5387239227808,89.1979381280243,338.65841473475143,0
262,75.32859892813458,187.1232508943797,50.76550996467163,102.48313181942606,591.6568180644301,0
479,57.46191766206743,216.88381656560517,55.09078623824376,114.19568581167375,705.727186499401,0
132,83.76803492878929,195.90536900120247,50.07122082006856,104.41617015776183,412.62053787588104,0
278,77.77016095757288,188.33691440232533,42.11824145550282,79.7955519577629,596.2680234886299,0
200,74.01625505491474,210.93027195825374,51.76773931599338,89.97507723533042,415.80062202383994,0
367,63.14389718918192,192.6770450415163,48.720347191651236,128.53185960648932,513.2787815077065,0
422,73.23800127605945,215.4113230300816,56.85204846991933,106.57865787848196,650.8012273789776,0
164,67.0851002100651,190.0441943453043,57.147289010220035,116.80638255169697,447.9561014607889,0
267,53.49508789962238,197.60608157262507,57.3222715613365,105.00590620366084,498.53135856081263,0
429,69.49577148278512,214.17457498083098,47.1920603231336,116.1823213648384,319.84970034919235,0
142,68.43269601777475,196.60608693239374,59.949275366687786,92.07707820125357,433.57956560537684,0
143,80.6240150987512,211.3407998311797,51.754712524478535,84.64976706465129,309.3727677999294,0
384,47.65573557685798,199.01678589828492,58.13190202834316,115.27395431696094,542.9178119874998,0
496,72.35199828854701,229.72537709600044,47.4869019308412,122.54748020891113,583.1637558951577,0
111,58.44431951894283,223.53167906154272,48.507016311951865,81.71437378406716,477.83651134291955,0
194,73.19223342195546,180.07855606349378,51.37013676336043,88.48110377152544,528.5886967256793,0
401,73.74280055577306,207.83365521872014,50.759388048069695,96.73547143538187,467.42695447495527,1
485,69.13155222869808,187.75394020848438,56.27405971734585,132.39649209965296,574.0545365874436,0
352,78.07293124811085,202.87260408189096,48.839353407257725,111.26270910336518,512.9461935125199,0
341,57.542339409003006,201.0255594396539,55.82307495155178,73.51826340268227,301.43366441964406,0
134,81.07720450281701,184.16919474361268,53.66117253566327,98.14034416820998,593.998081809282,0
314,62.91921133805859,215.87726815295488,48.933038906964256,95.08242488499131,461.04572054168466,0
436,54.441013495101046,203.04954415353612,53.27338308741157,76.5346088799214,372.96205287915956,0
189,67.2760402950019,195.72975446491125,47.633674765834755,97.90416166210545,456.1066027655997,1
363,49.048424773200146,193.4283526363461,61.75102900002861,94.19925120787255,309.79303514535604,0
192,72.54173892246202,202.09665454649354,36.678338394627765,92.76734952765682,375.0110688760957,0
189,67.40749557419774,206.11887526271428,53.36471602247519,91.85237265236378,514.2949610115389,0
214,82.33686921376037,198.125363204626,41.177020453614766,129.42787096697606,522.6711686340566,0
204,76.48924210506996,157.51220643835688,48.87171648390966,92.72593767798969,530.6438834255168,0
490,56.0800366281199,200.25336074363724,49.57195955264377,100.99342112600529,500.32098677634974,0
295,61.61612508882115,178.37776907585334,57.53816779456842,98.82470575446541,430.7134876527988,0
413,75.20664420534209,196.85821151526386,46.53923893961555,89.89966299265328,494.5540860539435,0
213,78.47079009985035,178.93153614395538,56.54005957830889,101.59009464735395,456.27925530521145,0
174,82.2250091488688,178.752535473808,44.10591679887602,101.30701192195527,337.42184019248157,0
475,82.14509285305348,218.52682732922793,56.73334861877433,101.59513053798432,422.7585008989412,0
316,69.10477389752094,195.19862028583415,47.62827279048263,82.81533715807157,588.9541231169025,0
376,73.6265562225117,194.05006760267122,50.36717259620559,95.87750985494718,658.8294152054945,0
348,82.98738503943797,207.23786073242889,48.31810668444798,115.20643750699715,565.1275044118688,0
263,66.96691538064051,194.44114215391323,56.41181737057802,96.4036673723992,654.3697760992413,0
493,73.79726186940124,231.55709138191114,55.438699216168736,103.23563825202517,508.5388610134958,1
456,66.73119220320348,195.90470358910972,52.21750860292262,103.3407400145271,674.2376084702539,0
291,64.49051885534573,205.47688117974516,44.24065807706613,108.34790261467835,705.448844032858,0
326,70.48385118285803,214.5641199706529,46.424890659848785,111.17301830027621,326.6530501963812,0
276,63.124565486604084,224.03379838410365,44.857117372469375,96.51698780501559,522.1493307132832,0
198,68.69084027230251,188.8699079651354,38.75928556603918,81.77329393815808,508.64301890875424,0
135,59.65045135467867,193.73054744242032,56.30659050925023,75.6256934265025,457.5896184415901,0
195,68.1000561281762,219.11887812940273,48.36088236828652,120.35372825472717,549.1915538151387,0
251,74.48390293615861,212.15093456079038,48.307530178538514,115.40500895942132,504.1125068641877,0
250,64.11236463793205,216.12763903502687,57.4805111671278,112.98729368675053,426.45510796079566,0
289,70.09291752530913,179.46943184660498,47.620056988068164,116.22407055725347,497.33948949630184,0
323,71.39342593621264,223.2199963088603,45.79764532157034,96.76888032748224,620.459457936839,0
136,74.52534891821335,188.57888685072794,48.87627189742508,87.502471644689,518.2538096882676,1
367,68.66420158694784,202.88439467212845,44.336654740615515,80.39185180403925,562.6954748256132,0
468,80.85866341867806,197.77665683612344,51.72177884643978,78.21300006829001,472.29468997209085,0
282,48.990811385480825,186.82275745177895,48.131689608679146,124.24317377100662,545.2064010151615,0
112,99.37752847167773,178.81196354868496,47.46364294703094,90.13710288491703,379.07854695168203,0
378,61.28866235962484,173.84227825050652,47.03048413989849,121.09718138421773,450.02795005802074,0
316,74.03390023354078,201.78527609080962,49.468892530789944,96.26228339238698,489.7331391434072,0
454,60.615320897941515,177.12021364649817,50.41740562759925,86.47517583515152,372.36640793734625,0
460,76.44268159509302,182.99276607369674,47.40012455796239,78.11270404899713,416.9783281107728,0
385,72.76569152594928,196.7294618270267,48.20617031952427,88.23691286024498,531.3111768573891,0
372,63.49286462654911,160.4178724961015,49.59238586590325,128.3647756581258,512.9831916288032,0
468,80.73087345410313,211.68469568066,49.08790932230231,78.31579840440375,580.6365424657708,0
161,68.36039120398078,163.8516774933979,50.15537983437507,142.33493642959303,439.9488981814836,0
183,75.47215938057003,198.8394141300084,46.61664598375993,83.18785145060713,505.7602226005242,0
467,60.82840194803964,200.22528839891433,55.022964545632455,114.9989994130249,432.81325891161714,0
316,69.6911236442842,208.07092580272715,50.48414088704759,97.09497411490023,570.6128549109326,0
441,90.03407267182105,199.3747879641516,47.48076623587561,93.5888083494763,619.0746116025248,0
496,79.6296552911413,230.26861945749857,51.72192108689268,74.57158445749728,548.3324827252802,1
286,73.07620755451052,203.2447532235275,49.62815700590643,98.03214034497523,606.1194276276583,0
118,65.51079172390205,215.8041859886549,41.33086822758166,76.83428007267992,503.2499862887862,0
276,70.67498535875009,189.1480578669457,51.704763451108136,66.36845800465119,580.5593834995176,1
199,71.97565990172382,201.81135209284201,44.902468988079065,102.39197356434899,507.541774261246,0
495,74.49228434919745,223.21355142543388,54.672138916156534,87.2915378632849,397.5071933414232,0
332,59.23339491822334,196.43457312965538,48.79125180553277,133.68697032249963,524.6721388698606,0
175,76.68407960942365,202.88352146292846,53.900351486955316,120.00043430185644,400.4703306209491,0
364,59.104069017053476,214.71280173706214,46.84890723401197,133.9486436267354,733.9128951568911,1
383,86.31125852281872,188.86655719712547,50.3496463357032,86.38234190984203,466.59118412246653,0
305,62.283716775831216,167.5765950002121,56.051217502534385,102.72275480262574,564.5037855448998,0
322,72.96628319676175,203.83360480568552,48.65491726792589,47.58658080637894,498.7586780474405,0
483,80.05142573278017,214.83003754037003,47.045914506320976,94.36395238626552,376.6386575964094,0
151,67.4761995653555,179.72831352662044,53.275203068908944,101.96996696049362,310.14769699354287,0
438,73.40600019099858,210.0532984591601,53.178307983754806,103.08096155403544,574.9013955074131,0
466,84.35181549190051,210.15449581009307,47.256254332925906,99.15263178916655,654.9340926771059,0
243,75.64402987893266,165.89755611327044,40.07269489791119,101.33185143503336,426.51962927896415,0
472,73.55550629674353,185.9556705138984,46.94988511250822,45.73514731673177,334.330748044041,1
168,53.152146051795384,194.06256828902508,53.38679760843211,105.12443672163957,467.48372675783753,0
198,60.662777472597774,197.30563999647146,46.12482905288138,109.66879783860078,406.2882954761267,0
495,80.46920127650012,188.85298602848025,49.945310814919026,126.76050805257702,434.9684320137907,0
124,75.69950305341382,188.04495794626726,46.71257531016828,107.37476118553862,561.0373699725285,0
478,77.21466273785074,225.07224336773137,40.339164187369754,97.38525866573524,494.9536952597162,0
152,76.35396932214897,198.38661302211636,46.622594114800364,122.09883844461943,417.04924411179826,1
250,82.89756528375374,189.5743450977539,53.36566010344856,52.853315508010425,558.8500786261195,0
243,67.38600075044877,199.38245784631175,38.14873759967094,89.70102938745713,566.6872345075791,0
156,71.20499958789301,208.05636249591714,51.26083675237788,84.68380039882577,466.29425139553746,0
138,59.713256668709164,200.7743956506681,44.06965384300293,99.30956400337378,513.791652091806,0
208,57.21977416563624,196.9140861375804,53.04221034737096,56.026143755416705,552.0501883076975,0
280,53.56259284411942,190.2497499699432,53.57159467936827,126.39271324487437,542.6103130983397,0
141,61.14836501000153,190.068037317986,49.14026032544362,95.00380200631508,504.06140869655326,0
285,85.52561815489642,191.0328742027196,49.15165920609389,106.37593382317868,643.2586118225296,0
497,54.47272932183962,205.08221901216106,45.96818651431849,104.46182450119788,558.2680813015186,0
322,66.96464014422803,185.0872986139732,43.272082999475174,125.249797897539,454.93209835022674,1
221,57.06854676353842,205.89903835205334,58.490464531668664,62.76099730251906,455.5330932301095,0
232,63.99026036996639,221.19492133440247,45.67464286414436,102.24642330939625,444.19136498633264,0
262,71.6969379235202,204.88561036719798,57.83898065598236,122.92356521409721,563.2120947227811,0
314,62.99884126794992,194.45621706624294,45.702499800999114,98.04027106558617,437.7252439998093,0
320,80.89664865016461,180.52809672418056,52.62595195168864,80.97461213723396,457.51009107971936,1
334,85.33978120849567,223.67160211867272,44.31096420173183,87.92219768688429,605.8022388115812,0
430,47.50904271944061,182.4497352410163,52.616975084510074,92.14115996387191,519.1631962067389,0
245,63.17007669648877,212.72843051713622,48.37206321423439,85.57899940954022,619.8532627121187,0
338,70.59142122272422,209.57776790891728,48.43741919662165,96.9437776586528,579.8059873352342,0
175,81.2611702601538,196.4484709555391,53.05011584892225,130.16494806370002,382.33281709299365,0
108,65.45755724846738,196.05531794328982,47.65429317460451,88.05270468925035,489.7866941759299,0
173,69.8006460475419,172.46433088938468,42.85925752277451,90.24652051442001,598.9949039968542,0
352,58.432557749480516,204.95097501218933,53.80652781704726,109.19561168100626,377.78239348489876,0
329,54.672041477376546,209.29889498593707,44.27049705008836,96.50359272072248,541.9710820358677,0
106,84.45384689582934,183.66379825778293,52.58258642198955,73.41629733310235,496.0763526301256,0
273,51.75930126107063,197.66267788506346,54.864982726665005,98.77623124441956,324.5211257877613,0
240,93.28619008421566,200.56792872513427,48.122530568238915,98.02217135206149,511.96593045189337,0
267,77.25151399381741,208.7685894192435,55.91176422045892,119.51356690876307,416.25319838734674,0
269,76.79973075516756,200.05704614184782,52.40891853930642,80.55695203594678,383.2348217883574,0
492,75.7546866749443,175.60520969057623,46.52069289927612,119.64638965510886,500.91406758226327,0
382,67.47314311999037,192.05093345806267,57.00714501133037,98.04338375800113,306.9147060746993,0
221,73.9208452970087,203.3693867808353,44.29164089130305,77.84116658170008,432.57097074151176,0
293,68.11103312215525,212.6229251305964,48.116497850482176,73.82443375846142,755.1174252502648,0
104,75.5307327644048,190.73545085908628,48.96842598190336,138.6877705581706,565.0222393406943,0
128,69.66313473091284,232.8147481182503,53.026118505091276,96.8016795432912,411.8575093832647,0
264,60.496518168982654,171.58290396744553,55.577166486905675,118.73008233460976,640.4165940100396,0
438,61.294273837382434,191.54449737413148,55.263957784513565,65.8376121078374,400.7956439222866,0
235,60.15727624707496,198.7544959476084,51.118741597871534,152.75389775927803,444.63048468645275,0
464,79.7090073193431,196.98876254670705,48.59865447768217,117.86489256734257,385.1148590070712,0
420,63.82553387540902,181.5178650527775,40.87007879186185,94.89119571689582,525.6079878666021,0
441,50.878968389151396,206.7179262162769,43.42927072772392,93.8766828428898,636.8629622097128,0
244,73.96838665848806,205.56641076970882,58.833277446457174,114.69196256605991,400.09937674401436,0
426,85.14517562589582,200.7194216897232,40.8196400624873,113.54363373450094,293.9556962590911,0
316,77.73083189177527,204.97765794887772,46.07754678378945,103.65058560794877,609.0966674519419,0
400,63.96676434778288,193.64335382827954,55.72303141025045,100.2175751640446,655.380050108768,0
231,54.13188284404911,175.7395557483715,51.04856649598683,111.22134168051834,300.4919533585267,0
391,68.6573189664249,189.25040194921633,54.64022535502846,65.16592893839646,546.0054341446444,0
169,68.40776121903289,202.35581872114162,52.714141756353385,92.57450574771494,522.6505352115289,0
351,60.30800389686234,202.44116622269593,57.347912686804435,67.06272283414307,421.2524695112245,0
374,75.51037302242537,200.6206857887877,51.47713643282442,112.0918468940501,360.5644333330767,0
463,88.46626500830473,208.23062401977546,53.317238645757556,86.4837205793336,599.1750345446555,0
281,72.22282717458285,191.28280931824975,46.3787673397083,68.56843842641645,517.9070531457195,0
266,71.60476206998845,200.40021585665804,52.93166487789068,84.12426951962061,525.4426457426721,0
190,60.62771951166177,208.58139167607382,48.019369510053856,102.98712402931571,437.8230647166799,0
301,83.97414703060372,198.7266527224647,47.734470660096434,95.8954323488838,419.80907955500425,0
445,69.24855833189983,181.3501410739085,54.473617573235686,76.53686881934453,254.50264587260537,0
118,64.21036744805829,185.57767445516694,54.50811688029682,65.90262796538768,477.19719702151207,0
138,70.63688393651616,212.4627848641905,58.442210778730654,101.47865574061004,643.8826379454223,0
225,74.7196133324661,220.8870824441386,58.116315927431,88.38463786499078,410.97455799513466,1
272,71.39215408644903,217.62924661736074,54.586575806793874,94.83838580271899,347.758530573326,0
240,82.06153395670592,203.48233924613052,41.39777194881644,96.806296250234,543.5664566457002,0
341,73.83971552546862,181.9530109697496,59.13840491474848,108.60131374350637,562.0079998446337,1
319,67.16058189117466,199.90472664840698,54.589838353331814,116.93893003539826,441.4094039318824,0
225,74.0119221632689,223.4338269792563,46.17069954956849,102.93018401916886,465.12355353003585,0
157,74.99637101125957,209.27732570684714,53.64454577781391,93.59074900480712,526.3903117218758,0
247,57.03624080736158,196.8878371597419,44.81367129518636,100.49527076191606,484.44505313706736,0
416,81.49419728263715,209.42937849261824,53.09315060054871,93.21526065480757,600.0129335753982,0
482,66.99095980638641,180.95907190076593,43.4186497946295,67.14893292733757,743.724257592422,0
460,67.2467677649457,189.56492933227696,45.95890795606682,121.8389234257915,329.0836444809544,0
100,77.51375987075946,183.73712913466514,53.54964564600263,118.06877724975607,622.975513055798,0
486,77.47165224259581,207.04357727522648,55.36443371496447,139.76667987161193,510.52597010233336,0
447,62.991683211339144,210.71155249580139,51.62718429716905,145.60998612955217,638.8200938854161,0
289,78.02901618145685,197.6926095920245,48.569156816560145,76.47959735494479,572.435451126568,0
290,64.39551848510476,186.9060548489065,39.42566852491505,93.29200159242343,506.11564599357115,0
468,88.19573046698656,199.7037635969806,48.9548945017432,150.23079193740284,576.0022942441034,0
411,61.71806018734236,192.70130163989288,52.66742538412264,99.18898768835531,460.58442288152025,1
216,72.39477461705897,188.05743942959384,48.416174470321764,104.88421805093503,422.5698577895145,0
233,62.17982363092393,205.0849052796387,49.88711029452791,69.57740096610841,581.0863115598349,0
157,92.22695629135075,188.6301166622199,49.0719126604104,103.00577263153548,415.5671551210496,0
143,57.62179055912884,176.50475400553862,48.39146891089283,138.63880749518177,564.2372591641567,0
272,75.24362747252911,179.8382829445522,50.37938694979906,125.73251620207057,503.07475830874984,0
259,62.650895855222004,175.95109299776075,48.636527089237696,87.80030756962913,267.05583488774244,1
272,66.45892358552013,203.71267874864307,57.21644776815971,92.07367266863167,442.56175495370604,0
416,74.53537833745176,202.25608157264247,38.967905758081336,77.38199415011474,533.4838195024622,0
402,82.24584437626143,201.50780141762243,47.270787070144614,82.97673719500588,459.39993360915076,0
248,86.23396562299045,208.81597478719914,45.648718882413874,61.7957614242706,245.32678882378147,0
179,54.630520399736795,217.87938284175675,51.09555300017205,98.30360650680514,632.075012782616,0
473,72.67751224364463,191.11600203762328,50.38572392941563,130.2022135986082,516.9375051271611,0
312,84.59493603383521,206.09716215857628,58.110965507747146,107.10863848187499,544.3739291269806,0
302,53.146890612380595,176.30576738891185,59.75571024148897,127.32477979931465,452.67238478217564,0
351,73.14383494054847,220.68064619395025,46.13458272214759,121.46498801851996,553.1489688146657,0
328,69.97916202579816,181.32753142672766,50.00250032516815,89.06383820854744,683.4820144586703,0
263,74.14541814379788,189.34878321439345,50.98152208462178,84.80986677187103,426.4927016372642,0
326,62.276959746735244,191.0343572940036,46.01093125831332,85.57630886297089,666.7012705357071,0
246,55.6438117178656,177.10593504916682,53.14191018018811,65.65876103115903,539.8564065892007,0
119,50.86893574820975,200.48863366112843,48.80246315617528,100.64660465591149,413.05672519631366,0
146,79.76383953462103,203.20855802302222,44.66182574699511,41.91071206845826,721.2390637591009,1
332,81.04049136483354,197.15879493527675,48.602158478667285,111.82831018572772,539.1640239888933,0
404,73.02685348995986,176.89628551953385,45.01162713629675,101.43761871437749,567.6478668773041,1
113,64.65851650311903,229.75079352277567,55.18323414709628,109.4287973298968,473.0647895273242,0
242,53.769541065342544,208.2384619475247,59.50779627556835,121.14032565896271,420.3673354670483,1
100,75.63345462505023,239.51333065474938,51.224096869472696,103.97589176677707,516.7813244675789,0
472,58.992207171633154,187.92336140170562,50.55638384026638,132.6314347530951,658.1463723483329,1
153,62.88701375239462,214.36823342265464,50.76217383437093,112.4389162190442,469.0340187814311,0
473,64.13435920437281,211.68910831091245,55.911170144691575,84.85746306367899,497.3248754425862,0
358,68.02464774303031,195.64137345353956,55.80349501798592,95.24577915708242,645.6328471979585,1
243,62.40959552791352,221.16576351588836,49.421732157258845,54.77417946499727,469.9673154195759,0
111,70.33458770992303,193.91884988579332,51.262949636895456,81.95619119055668,551.0276311169121,0
429,63.78181699493609,194.58662870863088,53.263232035885395,92.38007188133219,587.7350506739697,0
323,77.01373064839223,147.92855162092425,44.31156271724633,110.92547219115332,480.3219051123017,1
371,80.31062913988053,206.13542080613956,56.063041187102286,84.99277942916378,530.9837593199923,0
457,71.08542676028438,180.1173513247639,58.67415945613614,75.0747197213114,566.1102777681173,0
255,74.62626335381103,191.73918206456733,55.82516052419729,62.249361939837485,459.9084806455873,0
472,91.1785594962589,184.6067054188246,43.77203044192723,88.07164962813364,581.5765164989994,0
107,58.273967431386836,194.50652691022609,40.14999772290563,139.0170360473586,445.3013916544561,0
221,57.665318987198944,206.65820345326154,53.54359336758966,105.42214069794066,432.49124210395087,0
447,76.94997900776875,200.16712344573136,46.19905275518957,118.79158824710358,347.2958939179543,0
263,89.46542837514765,210.64461935758712,51.43566677061493,81.99891534671501,449.65376560989415,1
189,67.39501438061278,218.9844430337845,57.67574360003774,68.53100479795563,418.4497298129779,0
235,87.26833842218761,194.46806094983248,46.71522411800795,75.57845071823866,459.91260437450256,0
285,70.9643371879349,192.8214913697583,48.1122267179552,98.05737781684725,561.1992631914488,0
415,63.19112717960918,214.36591480493016,51.383614862941585,60.11742313041487,327.43257466248974,0
277,60.09307611362297,215.55570933109894,43.51245180008885,79.86819167180458,302.5329105412892,0
127,76.29413584886788,211.10886302154572,46.21071901997062,88.27278628057412,425.09207833487176,0
319,60.850409322173036,185.71731789890976,50.12428751875635,73.58149387873398,546.1230493586658,0
456,70.81276842767028,206.33982598252405,48.497725655911246,57.52633965350341,528.8864947019687,0
140,85.83465025384093,201.64205906070933,53.04203876899613,105.79307396419516,423.4937667089074,0
327,66.9321960712863,215.78793412024496,63.829898072196336,100.9174288976913,616.9408232156462,0
291,83.14009474643899,191.40691865693378,50.49569169709062,115.58059735260258,434.1590064881659,0
244,57.85456510273593,175.00084563275126,45.791440269809954,77.79148501495115,546.2453986127127,0
300,64.660908986832,210.35355200570407,57.09120177378782,115.19845486094943,463.7213672465828,0
311,55.92855973785083,161.62447425114345,42.055907623398895,130.58608388973772,413.1223649006344,0
319,70.72996755973358,189.02729894155505,43.05545914485447,105.2442946447371,439.493321188526,0
339,77.80078179716583,184.65206733022558,47.024482806761384,87.80127411106679,573.4000384813558,0
496,70.75187087606186,184.5509799364138,48.58556639740187,102.90161299018487,536.1025145142755,0
145,82.27050059970152,188.76452793567356,46.90463631741396,86.84425221408846,596.8102663776542,0
134,62.5082075937087,218.26060354627444,49.84243837788488,83.51432884642497,536.0986082537081,0
352,72.25342753689067,212.3083312850956,51.373709513731725,113.66520779006652,338.88305368257807,0
489,64.72530676386144,196.22403977011243,55.34479767637569,97.21899360425603,711.4414834308793,0
181,73.61676585423655,217.00435207788573,50.45594136921891,124.10191306900057,537.5169014058469,0
470,75.03736046212425,184.0655426725044,47.19026876152449,91.15154021512859,551.4671554388229,0
355,75.82395959984063,182.02574921379264,55.07322693219706,93.17650838659978,462.31623205034396,0
296,59.29405661764398,212.95394988869884,45.911422621349345,88.66978009537056,611.3178293300708,0
402,61.10253898213431,208.6946484398397,41.83698627156338,77.5963312262559,390.6892439399878,0
109,62.95712291808811,193.09604897625016,56.02978008952271,116.28849797233183,560.9829077663493,0
411,67.61119252133403,182.96808659452805,55.70926622405486,143.7142332922831,292.0366717752961,0
385,70.8718640420643,221.89597812556912,46.03850803897947,92.35545522867696,567.7208521350183,0
341,77.08089121856676,174.19846173578273,48.004505730895374,86.39008112649988,392.04495883605705,0
350,61.51901300660768,191.0236109698466,45.415362273350354,85.09353032585818,527.6994520427126,0
464,53.989807022982475,203.42864791276847,51.63312108782567,86.4053354479924,635.7340466746175,0
104,91.5574316320679,227.03247212647167,58.66024645684041,132.99567372481604,582.2717374500439,0
218,58.685469793475704,205.74650318109832,53.51440899297561,85.63038960480218,622.4381670117561,0
388,78.36323722995552,207.2045697951995,55.17862321291516,88.2946639822092,612.0848443647808,0
473,70.31266877248675,191.4592444977781,54.09864165845506,75.19291495698056,447.5717257090121,0
164,72.5130564080638,208.527203379119,49.99940425720453,105.8729754772614,559.8330173807855,0
245,69.98449494164097,201.5796398131863,55.41670218955658,98.65540875698026,327.50831040581903,0
323,66.15158118052875,176.17303189373663,53.725152814564,77.25642448394879,431.3063582055749,0
338,74.63972282923459,211.8940228023966,57.19722857576568,82.14340805363841,639.2654888284051,0
276,65.61412793742704,214.55590084770276,47.70225529419122,130.65866741071116,461.49631975737793,0
366,81.6630274723679,212.05047573231744,41.30944180227307,100.65415512537535,313.1998113329256,0
440,75.68441006256154,200.49991888498704,55.22625507436539,102.03370790894596,701.3698917331358,0
381,75.99594113281493,185.6573467527553,51.74884760303029,102.11307650052123,556.2250283169719,0
162,64.9287693994341,165.36224403072703,48.51976949839382,127.89250776422352,576.447822030579,0
316,67.63645262911004,202.35580408102177,48.799235938462544,79.09571275358579,401.9530465078102,0
441,58.12087191357935,216.22913089611274,62.77343162951058,92.0720895964709,528.4056570529871,0
414,66.46983943274438,214.9329870362462,46.78902673732865,96.62069586674978,525.7574970889194,1
382,59.63424083643703,212.24109265090772,45.73348346586833,65.57648349420552,417.85151433763247,0
276,83.13068515588715,198.88683532175915,50.426421167466756,81.67716966837312,483.01803144768417,0
197,70.50535815594006,216.31196261047245,55.90245438986481,120.93349654561875,349.9532287216982,1
204,71.7049723504043,213.86242735783856,61.39200993264614,115.20426992660235,465.3290467123998,0
198,67.74853472649978,193.66049658917663,53.286824816947856,118.74133750204062,597.3846257259819,0
484,71.97578922051407,210.14897024923772,43.64795628010285,88.21819554937198,425.3151741007915,0
410,94.64877635857684,191.96061281886062,59.85432135358899,90.68609519762327,690.7297836426553,0
105,66.99859715607509,208.10036347425384,49.90265650461451,64.23869009923934,356.3908487464943,0
296,63.49586965290006,180.513250335484,45.81145284052515,118.6386908463262,473.9824650204406,0
450,75.29693132905443,181.66682286990618,44.60303771450323,121.93304537532192,434.35700363858746,0
232,44.74281366397512,215.8731057041586,54.18164359667728,121.67841933071216,481.9819168627131,0
457,70.63956786910933,214.06340183307148,51.19414693093207,132.0818250695448,637.1474782140922,1
358,66.28287096707099,209.50417310863747,51.72537688472925,108.44217186979812,401.5544503535903,0
122,60.07686733963906,201.31953231579246,56.432515595359654,131.13763673093385,454.872946907047,0
152,75.077576703115,164.13088353463777,45.98922704245178,95.99050781684244,565.4505752723139,0
264,70.53988418445793,198.87686092690265,56.83077314136824,64.659792699889,509.31587799176526,0
301,51.97591092505783,206.81274750784758,47.40421338603155,117.21449354480235,517.5174949309003,0
182,63.53470478807562,191.97900128660612,60.82003686956178,63.92221747982609,403.4723660400442,1
244,41.11728794807276,189.31258710787642,52.993695079965704,103.40404098986731,492.8416528397503,0
184,72.93269314133504,221.6663058223054,45.398807351118116,119.10647604248511,613.1578451539524,0
177,72.83299418440157,199.09566512912582,39.8729095833976,106.48517592070394,339.0479016919021,0
465,62.06718106166326,206.8219275446357,54.04462361139505,145.5648614116455,430.2690849300973,0
100,75.40112711683126,211.6119719242905,48.129098620049085,60.68142011706044,318.4458370474664,0
150,57.175013788784774,184.97844385242382,49.22217152739082,98.3427865492817,553.6975696943741,0
272,60.33482974065007,202.89811134071292,53.83098004587053,100.34910930505312,622.547054531447,0
304,74.17190464382564,219.7946674171595,55.052069131253276,73.11794367635173,481.6590012707957,0
359,63.11333245037057,227.2883477494958,56.118551703346455,76.92534418551429,399.4479985484703,0
468,69.37343043797556,200.59904595822036,44.12579345808532,83.09742778346799,402.37535485454646,0
387,64.36350972573658,196.4308467897939,57.12947374812295,78.00705411901475,470.2942792127257,0
133,65.89068843700815,204.035361022063,47.10477331915925,97.84010699672264,469.9127954608475,0
447,66.32775784045008,203.6545557054128,38.71875032625887,87.9407019969568,591.1831778513371,0
194,62.93243242781823,220.8013709919673,44.10779826569977,106.3581676819135,433.1123965556987,0
171,73.02449714360124,185.054124662494,51.090125460662826,112.98860932406126,543.5078338185859,1
138,63.720715132460505,195.80190370750967,45.1059287695943,111.63557919437778,469.45299707521315,1
253,70.15686713795603,183.24288009685233,49.55977765411978,91.79747509630488,425.52430447601625,0
349,62.712683186255965,184.81857671303635,51.69126243764589,105.68951258928945,466.96239366590225,0
261,54.65701373615541,205.64861022708686,49.09307298445357,120.70257832353465,533.653838187098,0
217,79.12435249259167,212.1478676245554,47.528228310716415,108.9112916255498,591.4933389881702,0
358,74.99526985095409,190.2591245938438,43.74651968505887,137.1795538888684,474.80268128415105,0
478,92.88682068797672,211.58142183462934,50.10971904107666,119.64357973533376,379.606186920223,0
405,59.560271600017415,216.67367985697953,39.675213062076324,134.3681414529692,599.971480326544,0
367,67.91039512667969,229.02058997650084,46.570009791402896,50.153137441398705,410.1830616847885,1
153,68.71492519144194,201.04620273261574,45.361079454696196,101.93352242280464,526.0823167677532,0
335,79.89369438282131,190.403532088338,48.803115742455425,93.52134998095563,497.51673322962455,0
488,64.92892105867392,184.96292102591158,48.93335100345365,97.5004053937157,484.1429907653781,0
321,58.28958145824146,183.4731020312016,54.799783372168726,83.90081159791721,451.3023699811993,0
350,82.07809308461002,218.7467105210541,57.917386386248,107.92398800768359,562.0148780415464,0
412,66.83349970738772,177.27356985566524,44.41110579881515,63.83287135165175,141.7937392512489,0
211,78.78643509726044,218.266227284768,59.96416312635015,108.06873725742582,613.6470508367038,0
354,77.62198400792211,186.97338456121776,46.10352200239284,84.56577559638919,408.7492225605965,0
402,69.701095260977,189.7219070321089,50.86263391461545,89.99227819759132,540.7956909750648,0
306,68.25686294965251,197.72666817485032,52.55431494574159,108.77003539131475,535.5025617934929,0
328,66.08435193670195,189.44518175650234,62.222913762912526,101.57555455732667,627.4977382020818,0
440,69.8480687123001,213.97969632439361,47.28858831118668,121.07841822812907,519.7749135538069,0
497,78.63100226170631,227.20015927974163,41.01630993510973,80.60992988308021,417.08908193659545,0
165,62.035598189404205,190.13851763670294,57.451897350964906,98.38588695565745,339.52450120890313,0
174,71.0884563020912,193.5164324125306,45.833132206022825,117.77546234022302,465.1196845127026,0
202,58.813685718011925,197.5501878907415,48.19205709712204,107.22399487502797,304.1824571116988,0
291,60.05893766957807,208.11585145238956,44.41125173036912,108.51188506925592,437.1514293689244,0
351,69.69061002844376,197.69773581566216,48.20648113475541,122.16085716766469,470.7369379669795,0
325,50.39841991706168,220.80886116578893,45.7980423189728,91.87515102260944,431.00840219710756,0
393,90.60558616616052,217.19935874842892,53.38220908247386,87.66338245755458,504.1773657364912,0
405,58.06940045089764,182.2180646960735,50.403958148609895,111.51808873864672,476.3895989080792,0
197,69.59911487343446,207.81452248362243,46.594724196926606,97.01137027977822,467.23134586712183,0
437,81.68217721816865,222.80508855964254,54.979359883294634,122.44407135395431,257.58493829626946,0
385,61.37094661249502,192.57828581349673,51.27498375337299,107.39546874230112,370.52948193144505,0
434,46.973030104552834,195.58602692309665,40.76975874777972,87.53298639419477,564.2656731854876,0
446,65.55054239875328,192.07944503220568,54.59851657042151,106.76768053622284,580.4256272947445,0
407,61.25179619923881,192.39386576714742,50.92433941926318,81.94600671554933,316.12232820210045,0
348,47.23626491407998,174.97322672133427,56.95366243795771,118.93856936714113,418.5281818765868,0
265,72.84889892572198,180.07527572802422,50.619587131713224,72.05695386903696,607.1965367599128,0
434,72.07093862232952,201.16210578105844,46.041453247162025,124.4413054839237,428.1961186594851,0
129,81.42326454538352,222.70396961979168,48.97852333349081,106.41753022369154,488.8509212874888,0
346,58.791776344796126,190.79958781222575,54.0195966544036,96.70878060754652,644.1805329015908,0
205,54.00863513552987,190.35864045577162,46.14631470149569,115.26668301867753,463.8422688556606,0
150,65.93276916953417,225.52281605631103,47.798516064462206,110.2265328832471,449.52805898128844,0
180,69.11657340990905,183.3761380727602,48.89155710000466,126.60763371316122,484.29633094073705,0
232,79.21349602986496,175.08135255940368,44.253141948920636,126.42123476706934,685.3410797899828,0
384,84.10568005005159,187.5722684579375,46.21838287685713,107.04580888332573,544.620183628948,0
487,82.14479133907346,190.05823281808452,50.86275095902095,82.56458623916845,501.90816277797677,0
237,72.76543666892667,173.78820372957404,56.01238873826504,89.16981999107517,447.5640044318417,1
283,77.99499253504148,198.07937440588083,51.58573492355237,98.56706228376703,553.8816928181124,0
429,63.59506565230816,214.22669524792303,49.77069370315489,121.63443388790188,565.9699769930799,0
372,71.68395192475246,180.7106783942776,45.84364613023845,90.87227077325049,392.68214905245304,0
439,58.08709860712194,201.31367328430383,55.47580205860116,92.54118959139727,568.662819194616,0
168,70.62685396886873,205.9390351344016,52.16752749973421,136.96701258534853,484.88477133765696,0
133,70.88646697398012,198.7492358708856,46.466351182403805,97.91402977244546,502.4798634628607,0
361,87.22128605684969,202.7853888461159,54.4932422934245,87.3053621946679,411.5710997011682,1
152,67.71017138509754,202.95990893892815,52.797885307552335,115.53292056788295,460.001797217109,0
304,70.90042837653286,187.80908064622352,45.93234825316882,98.8773143408083,396.9857734777171,0
225,72.36961415712042,222.47873858017803,49.493108718679,72.20801673132868,392.17818298836994,0
334,65.45179684111547,218.71635251114324,47.53613635878531,120.81828165614748,537.7090220426779,0
142,61.97507266788352,217.8486709586175,63.16768970015802,85.05921358601451,464.4883434556892,0
339,82.98811324847053,215.20513610815794,52.65872441562829,100.87171196779153,370.0362330137584,0
470,60.190825570397024,176.37530795850464,50.9338102742412,98.63721772425288,717.7052647488376,0
210,56.72081928312727,213.8909356671795,52.36331528038357,104.60202346939727,387.5344960684064,0
348,76.8026537929548,209.83402141324262,56.89581294098749,56.17851854870671,609.2102961019334,0
250,81.5781484202401,176.95214577584323,49.58309927780767,93.2980104240153,352.3536358378198,0
282,65.4859034239936,196.77634467274882,47.05045351067122,122.49674120231404,545.6502335167795,0
435,65.6394651235012,204.15190173987932,54.22141614048709,125.30891039783307,474.94396313813087,0
194,72.82543526106794,224.96475647186952,49.12527716999344,80.17419236719357,437.09432686415954,0
473,62.92147323256817,210.87085786841388,44.65052335459748,118.41196485423632,519.6742323765706,0
499,62.182874793880316,187.03151409082548,43.67656784121971,84.77140491148832,506.2259856329332,0
107,78.79592587986366,225.43082687677946,57.64648275419766,92.50935481225433,418.75348163179547,0
487,76.07131100783619,200.65669644070834,50.65822283459642,93.56031267081497,414.2261119213,0
459,83.11158886318105,196.16238294645362,47.05216308003799,102.17607419410817,342.60857880055994,0
487,57.47410987634504,195.09322705116782,48.828325444789684,120.02732912581725,530.5564384357051,0
283,64.97537513089384,175.646671429653,54.037223590041755,105.29169072058222,374.6195172899992,0
380,72.81179562269453,198.35345744275787,48.532972420789775,97.47736479352311,500.39749565171826,0
294,60.743791502256336,207.46227885958487,42.75290135411291,119.3462246607643,559.2477984120717,0
451,76.4168743715465,194.21925008712176,51.62920426073963,83.9467721953257,520.8055031824055,0
294,82.24627087226332,206.30678715871338,56.04173908786782,98.45565113064102,427.68687019827416,0
254,64.16642027772652,187.03413393628728,55.70732158986125,119.91562456755057,590.8812411349969,0
192,70.38591940227033,197.8860812858357,47.20335030931378,110.58612423581147,459.2028521898747,0
259,84.55618690081117,204.7481048991295,56.345863282291894,90.67392045110175,366.5839240995009,0
160,87.99271575019,202.8449131559513,51.06474986835811,69.74086466799466,471.62724955467223,0
221,77.45801251060404,175.9180236542143,56.205736719393634,106.21716381589623,558.6797377984726,0
150,75.93429173193609,193.41491073693157,52.86843515001277,68.42649596194022,432.5585685589873,0
376,61.462634653150886,225.1619439546891,42.39201578683665,95.74997270617669,587.8182414970304,0
104,73.59209400457841,192.61330888504224,58.73369468754173,123.57896798473335,422.96739347823495,0
191,75.56820840774998,200.2371131616776,50.25891925599477,111.93517292603698,436.57868063144724,1
269,67.89629841438955,198.69866374176584,52.88396911956909,59.52692043975666,395.3920984146747,0
416,64.05223745444337,223.52359638379477,43.27977685764078,104.00903008680635,568.3709536908029,0
121,57.18702326523145,219.35552183292006,52.52663250039033,93.6166017079481,494.67574299107974,0
425,52.62270244948708,212.11296499728215,55.5146386637133,74.52565198549101,402.0238052256026,0
100,50.52116486678837,185.401365299412,59.67660168299202,106.70042591604205,460.3789657718896,0
232,75.79442572867262,205.3877457378812,57.00199897397641,90.16524302418546,192.8849012100972,0
332,71.47699325226777,208.51912614612698,52.771123519730196,90.28931922721004,577.7972363466644,0
111,65.16188868458903,189.5209274660592,42.27811323325807,102.4809023685344,482.9253360501693,0
445,66.6854370227536,186.94224341228465,50.66136395248711,87.48230938197031,259.3761848990103,0
145,72.10470541530485,225.57521220810546,47.03745217393535,101.91471667733127,354.3318558675918,0
133,68.35436928991406,195.48795031674607,51.17488937408123,88.13350220740132,457.8405937442397,0
177,56.59446819996172,224.22465228366724,43.91837083602451,89.23077078754916,368.58292408951627,0
317,79.130002202743,214.956406332418,48.949165461040494,119.85859538591056,579.3349323686058,0
400,73.0412617066981,206.11815173562982,47.41408458096966,121.89343272760553,541.8572885991155,0
172,72.65898479813848,206.78797154539228,47.25916822015377,65.8269150571475,535.9535943517869,0
381,78.37562703358373,178.99370659503847,47.30881907004423,114.94145687693106,239.56530647852952,0
348,61.86354643940325,203.10162169751624,49.320726418058776,127.97182009252211,447.4541585793106,0
146,82.13731437725842,221.2553061947244,51.43097379524011,131.14753634807153,430.2383549390944,0
220,68.59957148057762,210.22009254778413,37.507532060642745,110.40759451770238,404.59455458954125,1
313,78.88598880330875,202.31505030596617,38.11783571831068,78.85204284512206,458.4824718836288,0
338,77.34449033487655,225.67905793725544,48.30654330039062,112.59961680695069,387.3761792913937,0
155,59.61198171997444,197.22438916008795,49.011154776471926,82.61495289568167,521.5220732950218,0
449,75.02900404914136,190.70666487467474,50.9455560830197,93.14069667686692,576.6551354337771,0
206,73.26274670846685,202.30747874117387,46.36163822571888,107.66164314089637,568.0383738423672,0
418,70.30311657494342,211.49701052167393,50.047325970113405,83.90481306762521,486.20887482885195,0
147,69.05628249964619,174.23308856287608,50.63261602509027,77.07199386564432,699.9239696333502,0
160,69.14106750282208,204.27302965235626,46.32720951567264,109.31546636981646,613.997511450051,0
436,78.12689425643995,212.15517523304464,55.067279108705506,137.3444840862463,489.84417963274484,0
125,75.7791051379151,195.95537562054707,50.8849315572753,124.86468660958927,451.77277897984834,0
391,70.30478850265665,216.6044714945396,52.73480547731645,114.1437237010019,633.8027162781921,0
356,55.080638535286255,209.61779993616605,50.34422865641926,119.58370871179466,600.7580682762733,0
107,74.94443414083618,232.12074677766617,60.5183655153086,112.75438994363833,358.957279617577,0
212,77.23613619177779,188.74095653628177,52.98198534558827,108.99800458818785,608.5821319228745,0
454,93.0041008544697,212.46064775744134,47.560033418963876,117.97235679197294,484.5626465276071,0
352,80.75433063105038,184.74014138303892,54.104834421842,72.63273815891955,413.90884694066415,0
279,51.008236120845325,175.76950323084912,41.81197541271664,103.98970598885826,302.07941407593364,0
306,70.78429399018643,169.4670373577319,50.59800131333552,98.38103587512313,473.10838053021985,1
402,88.11375028664982,208.0748603359539,51.59580145045995,101.57805662289127,498.77724147800745,0
226,76.23548856901637,202.76371870916154,50.65510381039349,90.7725557050642,658.7327654110218,0
155,73.2865216037321,192.8142341395737,48.331105645805565,110.40975689548465,595.7233807748686,0
313,79.00228658915236,173.3974349907558,44.938633215814924,83.64143980624786,441.7113278623965,0
113,63.77621805009197,189.64420060791986,46.05326493974519,89.32290141215931,538.9342394219736,0
127,74.78089996627456,200.06139511513183,50.51037458123692,86.92240172695799,582.6249422672823,1
177,67.4953196100809,211.89754050189646,44.432403837860036,117.27893274539738,508.59573880172155,0
315,69.80376514189525,199.7519637462856,58.850838078236364,99.76552993581613,441.2845840968796,1
485,78.28454515695107,203.78090514057916,36.79551160328147,90.78335320406474,446.78275437565543,0
464,60.73286897507818,194.35801428538795,48.38281066227698,92.53140609967639,538.5473070456952,0
253,82.87982473801938,226.2383630379073,50.551948195538486,100.07761233360814,541.2980565525047,0
113,65.77188038914457,184.7262553350766,52.537104639166444,132.44349837739708,470.70453842364554,0
286,72.60662833150407,189.5114267407231,45.420376363687865,75.26959327306656,238.08477949466607,0
411,55.99492039725057,192.6146288900973,55.67147396944106,113.5101999535957,370.9477272708709,0
470,77.1983729087139,208.14056596965085,43.03084478093538,109.43724676062016,561.9688921612112,0
106,84.46503935946578,184.4171031531968,47.16935705696216,82.34069203106449,286.9162002644124,0
102,64.85358450781852,202.03577885821997,53.10373777639712,129.33746580309372,618.4181016367215,0
210,58.897766134904,202.47365215139837,55.20094282396376,110.78560901761352,603.6157261138504,0
337,72.77983064742709,189.5846304389993,42.97999351809451,89.84533393540487,504.10963819332056,0
462,84.54810644991743,204.94969191435285,63.225183952075795,62.8117334810748,559.7931034228608,0
338,55.501434345190944,184.88279151893852,45.512542184163955,104.58293668998225,552.8774678358886,0
373,58.93691818771658,183.2438878630738,43.439087612361085,99.10508830488034,488.3126871633787,0
393,65.45810441688484,201.49408634782162,52.51357445886629,79.38574137467762,362.611088241143,0
326,61.796561754693045,175.10366621782907,48.25853273209272,79.12771179728726,596.7272975061686,0
470,61.828145333910044,167.82795946174645,47.51973843730128,117.3701973423901,640.7230011383635,0
114,49.05879372336223,207.99249951195202,52.9782202878486,60.8861018535801,379.1409475757658,0
291,75.89056947405868,215.73454913886755,42.363521547860955,106.28565510146072,358.87449948303004,0
218,73.38720502869636,192.99795321961207,41.48932800012649,96.25126049378277,486.3203095242659,1
